model,sigma,p,KS,ENV,PHI,class
L,0,NaN,0.0638638638638634,0.0703890520611181,0.134252915924982,smooth
A,0,NaN,0.0894894894894889,0.0678298975377622,0.157319387027251,smooth
H,0,NaN,0.113913913913913,0.107047428625191,0.220961342539104,smooth
P4,0.02,1.5,0.121921921921921,0.146017774850461,0.267939696772382,pink
T1,0.045,1.5,0.180580580580579,0.204779746472255,0.385360327052835,pink
R1,0.045,1.5,0.176776776776775,0.214715161410129,0.391491938186904,pink
R2,0.045,1.5,0.172172172172171,0.24165150595552,0.41382367812769,pink
P5,0.045,1.2,0.183383383383382,0.233813283611355,0.417196666994736,pink
P1,0.045,1.5,0.204404404404403,0.275947887987295,0.480352292391698,pink
P2,0.045,1.8,0.217617617617616,0.298433146718555,0.516050764336171,pink
R3,0.09,1.5,0.26186186186186,0.425556190241019,0.687418052102879,pink
P7,0.09,1.2,0.27187187187187,0.43382127589505,0.705693147766919,pink
P3,0.09,1.5,0.321321321321319,0.528281476293813,0.849602797615131,pink
P8,0.09,1.8,0.349349349349346,0.572588915334494,0.921938264683841,pink
P6,0.13,1.5,0.394994994994992,0.655950527141533,1.05094552213652,pink
G15,0.13,NaN,0.394794794794792,0.67668450843151,1.0714793032263,competitor
E15,0.13,NaN,0.414414414414411,0.66984893577456,1.08426335018897,competitor
E50,0.13,NaN,0.444444444444441,0.719583672877785,1.16402811732223,competitor
G50,0.13,NaN,0.457657657657654,0.71663612384953,1.17429378150718,competitor
R5,0.18,1.5,0.438838838838836,0.801869400638121,1.24070823947696,pink
P9,0.18,1.5,0.475075075075072,0.779843073364003,1.25491814843908,pink
P11,0.18,1.8,0.504504504504501,0.85995124661493,1.36445575111943,pink
P12,0.22,1.5,0.527927927927924,0.929550871601454,1.45747879952938,pink
P10,0.25,1.5,0.549749749749746,1.00877737350018,1.55852712324993,pink
