model,med_log10_pred_over_obs_A,med_log10_pred_over_obs_B,frac_within_x3_A,frac_within_x3_B,VR_med
H,-1.47599251111718,-1.09535095200243,0.0666666666666667,0.106666666666667,0.603642001105889
L,-1.34814881742945,-1.10697052336957,0.0666666666666667,0.0733333333333333,0.547604113231789
A,-1.46658000661234,-1.18273704618904,0.0133333333333333,0.0866666666666667,0.551303952821144
E15,0.317315369707116,0.43758169545488,0.566666666666667,0.54,0.468166480508298
E50,0.196684424486912,0.310546267482626,0.613333333333333,0.633333333333333,0.475136450011329
G15,0.408640249031961,0.463675150008146,0.566666666666667,0.513333333333333,0.452069190662523
G50,0.192550527234648,0.0950943278364578,0.72,0.64,0.46840287284355
P3,-0.0584251355461368,0.0379295295076156,0.626666666666667,0.566666666666667,0.506909430898122
P6,0.258505357199291,0.285117107716572,0.566666666666667,0.613333333333333,0.489759246513303
P9,0.45740914123983,0.56610142421133,0.513333333333333,0.413333333333333,0.452700639518653
