truth_family,truth,score_pink,score_exponential,score_Gaussian,selected
pink,R6,0.251487773542529,0.335814188631492,0.456152224026941,pink
pink,R6c,0.270806367164323,0.209408544524903,0.353194946922656,exponential
pink,R6d,0.299760256071255,0.404957420146552,0.534560622984022,pink
exponential,E15b,0.211320470711413,0.243649185817787,0.342750084830945,pink
exponential,E15c,0.349468407951224,0.240402999143098,0.337684144598375,exponential
exponential,E15d,0.205927035502031,0.264313806994157,0.412694490037549,pink
Gaussian,G50b,0.391199197974207,0.432952229689131,0.360689152560053,Gaussian
Gaussian,G50c,0.446902510943514,0.363914390026174,0.298038457484573,Gaussian
Gaussian,G50d,0.406191779401368,0.434433560285045,0.530175685406326,pink
