family,sigma,n_realisations,med_log10_pred_obs_A,med_log10_pred_obs_B
pink15,0.02,1,-1.20349402517231,-0.494579878153692
pink15,0.045,4,-0.749270812301963,-0.110897447239862
pink15,0.09,2,-0.186328343263008,0.381601153027288
pink15,0.13,2,0.285274178000336,0.589822303355859
pink15,0.18,2,0.714286022010431,0.85443644166787
pink18,0.045,1,-0.7304032683807,-0.033404764167833
pink18,0.09,2,-0.122093523900648,0.280507716693898
pink18,0.13,2,0.383407167744205,0.526628357871019
pink18,0.18,2,0.904278890374629,0.849489445200099
exp15,0.09,2,-0.0358554344919423,0.504706949076016
exp15,0.13,2,0.343128910323143,0.793251380067028
exp15,0.18,2,0.768641565520178,1.05720200901962
exp50,0.09,2,-0.20135403002975,0.162289706802168
exp50,0.13,2,0.376233225566076,0.442971211370514
exp50,0.18,2,0.984723476775954,0.906103154997797
gau15,0.09,2,0.181761581754939,0.702939480464267
gau15,0.13,2,0.491598121000071,1.00137490223244
gau15,0.18,2,0.815546691547565,1.2791229396917
gau50,0.09,2,-0.474413615260161,-0.576165604480707
gau50,0.13,2,0.326341534176495,-0.0206831419481804
gau50,0.18,2,0.950498240305292,0.698579428428958
