family,model,Qc_inv_25Hz,Qc_inv_50Hz,slope_25_50,slope_lo95,slope_hi95
smooth,H,0.273552267567998,0.153741867454799,-0.83130641710881,NaN,NaN
smooth,L,0.267644720322018,0.146252086724527,-0.871861984480625,NaN,NaN
smooth,A,0.265408597137996,0.147969738475108,-0.842912945186924,NaN,NaN
pink s=.09-.18,P3,0.23857949470475,0.0929139209857292,-1.36050338028002,NaN,NaN
pink s=.09-.18,P6,0.208427031877193,0.0775460289057619,-1.42641759106493,NaN,NaN
pink s=.09-.18,R6,0.215308261082394,0.0835432823579538,-1.36580794257506,NaN,NaN
pink s=.09-.18,R6c,0.219144200308896,0.0681876592643882,-1.68429793195794,NaN,NaN
pink s=.09-.18,R6d,0.21089382991474,0.0863005855948417,-1.28907463306886,NaN,NaN
pink s=.09-.18,P9,0.174142928996655,0.0645559290648827,-1.43165038467098,NaN,NaN
exponential a=15,E15,0.198341821385218,0.0709919877609302,-1.48226079459226,NaN,NaN
exponential a=15,E15b,0.201156658628356,0.0735492698345815,-1.45153657020958,NaN,NaN
exponential a=15,E15c,0.209160968169279,0.0596359212882575,-1.81036015820637,NaN,NaN
exponential a=15,E15d,0.204752750200219,0.0802499638882076,-1.351310181856,NaN,NaN
exponential a=50,E50,0.173443224844525,0.0714518022230573,-1.27942118033094,NaN,NaN
Gaussian a=15,G15,0.213657054915064,0.0627128582181703,-1.7684637764664,NaN,NaN
Gaussian a=50,G50,0.162051215504977,0.0713543528566335,-1.1833764952145,NaN,NaN
Gaussian a=50,G50b,0.16438783844242,0.109139251485536,-0.5909335167541,NaN,NaN
Gaussian a=50,G50c,0.178598346801826,0.0661006335330516,-1.43398272195587,NaN,NaN
Gaussian a=50,G50d,0.159468985769999,0.105151529880828,-0.600806029170824,NaN,NaN
FORGE data,data,0.159541731024392,0.0579952791993838,-1.45992646119309,-1.58389354324207,-1.25687015013912
