model,events,n,med_log10_pred_obs_A,med_log10_pred_obs_B,pct_within3_A,pct_within3_B,VR
A,all,416,-1.91226009496468,-1.18876012985892,1.44230769230769,11.0576923076923,0.644455152756088
A,top150,150,-1.85852391411551,-1.25657310301199,0,6,0.637936748885343
E15,all,416,0.283932218391473,0.941914531750245,50.4807692307692,21.6346153846154,0.635206508733694
E15,top150,150,0.359629812857184,0.837760255184768,54,26,0.635049353918906
E15b,all,416,0.402325602254813,0.64458822838381,37.0192307692308,28.8461538461538,0.679386809436067
E15b,top150,150,0.574767041365997,0.578627800303014,36,34.6666666666667,0.68304735360402
E50,all,416,0.305341136552026,0.706004771655708,45.4326923076923,26.6826923076923,0.592956252981069
E50,top150,150,0.324245683694575,0.553162906035177,50,35.3333333333333,0.617805221037837
FZ,all,416,-1.04066639485516,-0.388464597209265,23.5576923076923,44.9519230769231,0.733586491022941
FZ,top150,150,-0.771505901799494,-0.329261524387438,32,47.3333333333333,0.704816842711873
G15,all,416,0.424235081139119,1.11607400897932,43.2692307692308,15.1442307692308,0.638896954281267
G15,top150,150,0.606845905693074,1.05010830713519,34.6666666666667,16,0.630885244349306
G50,all,416,0.293496574784756,0.540918748199862,45.4326923076923,32.9326923076923,0.558297028708209
G50,top150,150,0.25891997194443,0.467138774201455,56.6666666666667,41.3333333333333,0.607538397174352
G50b,all,416,0.359186493568235,-0.582285032096223,33.6538461538462,37.5,0.652683800321601
G50b,top150,150,0.679300415094701,-0.694068535279272,29.3333333333333,31.3333333333333,0.650562828651722
GRAD3,all,416,-1.67015841905662,-1.10999647343941,3.125,9.13461538461538,0.741561064652797
GRAD3,top150,150,-1.60900755380395,-1.12313365391452,2.66666666666667,7.33333333333333,0.699001062988293
H,all,416,-1.79620183096924,-1.09028778826592,2.40384615384615,9.13461538461538,0.746743644507432
H,top150,150,-1.73695454607912,-1.09028778826592,2,5.33333333333333,0.728015254329975
L,all,416,-1.64090383653267,-1.17208219222836,4.56730769230769,4.56730769230769,0.73237128295438
L,top150,150,-1.52846792211324,-1.20763349271056,4,2,0.672074224138927
L6,all,416,-1.28046204754359,-0.526068757507567,14.6634615384615,40.625,0.730110520787634
L6,top150,150,-1.22096726332506,-0.652474642267062,11.3333333333333,31.3333333333333,0.680083431271167
P1,all,416,-0.735941132977223,0.0160158188644288,34.375,51.4423076923077,0.716189102906427
P1,top150,150,-0.550425516578323,-0.0481446539520245,42,56,0.691493354778173
P11,all,416,0.76594865861359,1.06226311136096,28.6057692307692,15.1442307692308,0.560594651902406
P11,top150,150,0.720874264287204,0.962647377004159,31.3333333333333,20,0.614814125156022
P2,all,416,-0.7304032683807,-0.033404764167833,31.25,54.3269230769231,0.710516912324175
P2,top150,150,-0.61244231730175,-0.129029958027114,36,59.3333333333333,0.689586505149132
P3,all,416,-0.143701513840973,0.527327592716422,50,35.3365384615385,0.67090334100652
P3,top150,150,0.00278770474013065,0.430003361821781,58.6666666666667,42.6666666666667,0.657194270077783
P4,all,416,-1.20349402517231,-0.494579878153692,15.625,42.3076923076923,0.733847267216889
P4,top150,150,-1.07601875252573,-0.524031183544412,19.3333333333333,40,0.703552517995388
P5,all,416,-0.738219975939113,-0.0101415120049645,32.2115384615385,49.2788461538462,0.722545942073066
P5,top150,150,-0.596193532883505,-0.124194146797557,38,51.3333333333333,0.698335776126258
P6,all,416,0.31069733705452,0.776254587124982,49.7596153846154,26.4423076923077,0.623951009987231
P6,top150,150,0.337734856493219,0.69973727374854,50.6666666666667,28.6666666666667,0.634673136851924
P8,all,416,-0.0579001085612647,0.500185177307832,51.2019230769231,36.2980769230769,0.657236311036953
P8,top150,150,0.0185286233186307,0.408141340355128,58.6666666666667,48,0.652636381784103
P9,all,416,0.606695074339333,1.02806969973732,37.2596153846154,18.0288461538462,0.604319936123875
P9,top150,150,0.56887781922547,0.916160382459171,40.6666666666667,18,0.636649073573589
R1,all,416,-0.650520662751524,-0.0804023584411781,32.4519230769231,50.7211538461538,0.730418443981423
R1,top150,150,-0.454672254051334,-0.167561145472249,39.3333333333333,46.6666666666667,0.706483734815353
R2,all,416,-0.719164120910369,-0.0407105099375968,36.0576923076923,50,0.729430962643398
R2,top150,150,-0.509388782307352,-0.160851046245024,44,56,0.697201683998627
R3,all,416,-0.228955172685044,0.235874713338154,42.7884615384615,45.4326923076923,0.715015397720846
R3,top150,150,-0.0353585501533848,0.0518687117305912,55.3333333333333,50.6666666666667,0.687875931628047
R5,all,416,0.821876969681529,0.680803183598419,31.25,27.6442307692308,0.637710918014398
R5,top150,150,0.938464336608127,0.630701094686883,23.3333333333333,32.6666666666667,0.644341784830285
R6,all,416,0.259851018946152,0.403390019586736,46.6346153846154,40.1442307692308,0.691390918286684
R6,top150,150,0.385806532980888,0.220793831369603,48.6666666666667,48,0.671439769039889
T1,all,416,-0.891457332568736,-0.3384927394451,26.9230769230769,45.6730769230769,0.765789577752588
T1,top150,150,-0.681663814471552,-0.384796178551809,31.3333333333333,46.6666666666667,0.73332816741629
VSD,all,416,-0.132637765377695,0.536630444175141,53.3653846153846,35.0961538461538,0.661113085357906
VSD,top150,150,-0.132637765377695,0.383146576206148,64.6666666666667,46,0.644077596448004
VSO,all,416,0.315756706889528,0.793934087478134,48.7980769230769,23.5576923076923,0.617870586329942
VSO,top150,150,0.408248342333353,0.68403897358395,49.3333333333333,27.3333333333333,0.616875005798528
X_exp_0.09_15_11,all,416,-0.070700487694578,0.60860950134648,51.2019230769231,32.9326923076923,0.6752131740712
X_exp_0.09_15_11,top150,150,0.00702709761000734,0.483588672283411,62.6666666666667,42,0.666255325068016
X_exp_0.09_15_33,all,416,-0.00101038128930658,0.400804396805553,41.5865384615385,40.625,0.708387224197747
X_exp_0.09_15_33,top150,150,0.236295761347117,0.267036200002214,46,46.6666666666667,0.708789401518719
X_exp_0.09_50_11,all,416,-0.155346558343794,0.386011518988863,48.0769230769231,41.3461538461538,0.653922595017055
X_exp_0.09_50_11,top150,150,-0.115023333553667,0.297717307348035,54.6666666666667,52.6666666666667,0.640432285340999
X_exp_0.09_50_33,all,416,-0.247361501715706,-0.0614321053845268,39.9038461538462,50.4807692307692,0.717397184307383
X_exp_0.09_50_33,top150,150,-0.0676974036581227,-0.154842796124061,54.6666666666667,58,0.713258823925903
X_exp_0.13_50_33,all,416,0.447125314580125,0.179937651085321,33.6538461538462,46.6346153846154,0.666572503384878
X_exp_0.13_50_33,top150,150,0.627539995505132,0.113279490276123,32.6666666666667,57.3333333333333,0.663885355662334
X_exp_0.18_15_11,all,416,0.695587079054017,1.25623008830561,33.8942307692308,13.2211538461538,0.602477644736357
X_exp_0.18_15_11,top150,150,0.709459617517454,1.10866702893031,34.6666666666667,10.6666666666667,0.618647089018825
X_exp_0.18_15_33,all,416,0.841696051986339,0.858173929733635,29.5673076923077,24.2788461538462,0.638122771864954
X_exp_0.18_15_33,top150,150,1.10212474030494,0.831664259419951,16.6666666666667,27.3333333333333,0.651119662752406
X_exp_0.18_50_11,all,416,0.807864305470576,1.24488603241676,28.6057692307692,13.4615384615385,0.552387451271827
X_exp_0.18_50_11,top150,150,0.803940374661069,1.11682190538175,26.6666666666667,13.3333333333333,0.611502008977048
X_exp_0.18_50_33,all,416,1.16158264808133,0.567320277578835,21.6346153846154,33.4134615384615,0.603642818203598
X_exp_0.18_50_33,top150,150,1.34327520093812,0.458880674183554,12.6666666666667,42.6666666666667,0.607772559970934
X_gau_0.09_15_11,all,416,0.136482539175172,0.7903870006165,48.0769230769231,22.3557692307692,0.687227604969462
X_gau_0.09_15_11,top150,150,0.275542241005286,0.763450020706014,54.6666666666667,28.6666666666667,0.673378667105568
X_gau_0.09_15_33,all,416,0.227040624334706,0.615491960312035,44.9519230769231,36.0576923076923,0.709388465502161
X_gau_0.09_15_33,top150,150,0.410522177369872,0.523700632613448,46.6666666666667,42.6666666666667,0.690758259644869
X_gau_0.09_50_11,all,416,-0.447342862722054,-0.349144053622426,39.1826923076923,44.4711538461538,0.620985290794057
X_gau_0.09_50_11,top150,150,-0.446954180940875,-0.542327859611403,42,38,0.61768063966498
X_gau_0.09_50_33,all,416,-0.501484367798269,-0.803187155338988,25.9615384615385,29.8076923076923,0.708440672797991
X_gau_0.09_50_33,top150,150,-0.276784153688938,-1.00260043881655,38.6666666666667,18.6666666666667,0.693439845734475
X_gau_0.13_15_33,all,416,0.558961160861024,0.886675795485547,36.0576923076923,21.875,0.671528336288632
X_gau_0.13_15_33,top150,150,0.663564315306251,0.751749454120551,30,23.3333333333333,0.657754797125739
X_gau_0.18_15_11,all,416,0.721629571110177,1.37222416083588,31.7307692307692,10.0961538461538,0.601419142631129
X_gau_0.18_15_11,top150,150,0.792244974184955,1.27506032417319,21.3333333333333,8,0.610244573411803
X_gau_0.18_15_33,all,416,0.909463811984952,1.18602171854752,25.7211538461538,11.2980769230769,0.613561876480408
X_gau_0.18_15_33,top150,150,1.00509249020888,1.10431403044372,12,8,0.614717186170674
X_gau_0.18_50_11,all,416,0.848312899418389,1.48201785374702,24.7596153846154,9.61538461538462,0.544675662358483
X_gau_0.18_50_11,top150,150,0.863034011853296,1.43542978919205,23.3333333333333,9.33333333333333,0.574301673463531
X_gau_0.18_50_33,all,416,1.05268358119219,-0.0848589968891071,25.4807692307692,52.6442307692308,0.557600923619852
X_gau_0.18_50_33,top150,150,1.329933377963,-0.211493796874831,20,56.6666666666667,0.582311210904835
X_pink_0.09_1.8_33,all,416,-0.18628693924003,0.0608302560799634,40.8653846153846,50.9615384615385,0.71325416314774
X_pink_0.09_1.8_33,top150,150,-0.0255936277677936,-0.0917790205288322,57.3333333333333,58.6666666666667,0.699446801393448
X_pink_0.13_1.8_11,all,416,0.338431990756861,0.763132984131425,43.0288461538462,27.8846153846154,0.608341774270714
X_pink_0.13_1.8_11,top150,150,0.363979810917778,0.639863978086605,48,32,0.636644858874606
X_pink_0.13_1.8_33,all,416,0.428382344731549,0.290123731610613,36.2980769230769,45.1923076923077,0.6462743598845
X_pink_0.13_1.8_33,top150,150,0.503340193077997,0.186415037677253,38,50,0.660016110739609
X_pink_0.18_1.8_33,all,416,1.04260912213567,0.636715779039233,24.2788461538462,32.4519230769231,0.593963607409199
X_pink_0.18_1.8_33,top150,150,1.29646663056601,0.604976430168112,12.6666666666667,38.6666666666667,0.626008214817209
