model,brune_fc_Hz,sensor,log10_coda_over_S,S_width_ms
H,Inf,A,-3.08978248627108,8.90106186334298
H,Inf,B,-3.06345474586862,9.05679558684006
H,150,A,-2.94525137402032,9.04340266942133
H,150,B,-2.91749901068147,9.21204445619217
H,100,A,-2.86928998473099,9.17409805096002
H,100,B,-2.83980093964829,9.35548973047509
H,60,A,-2.74136235383865,9.42224494281627
H,60,B,-2.70911146339426,9.6371116126303
P6,Inf,A,-0.98120217587754,12.324569348739
P6,Inf,B,-1.50472645100698,10.9076024869071
P6,150,A,-0.94897784059702,12.4166813788897
P6,150,B,-1.4789162528706,11.0466815676194
P6,100,A,-0.943978796667158,12.4895494171531
P6,100,B,-1.47374421284074,11.0906437428126
P6,60,A,-0.953915073055561,12.673340097778
P6,60,B,-1.44326771727521,11.1816861373929
