model,class,window,sensor,median_coh_all,lo95,hi95,n_pairs
data,data,S+15-100 ms,A,0.503347308606182,0.488027088627464,0.519543053848204,20000
data,data,S+15-100 ms,B,0.500817760219394,0.480209319634924,0.520258733045686,20000
H,smooth,S+15-100 ms,A,0.849953378297397,0.829229743284964,0.867844062195156,20000
H,smooth,S+15-100 ms,B,0.730943044493185,0.708483999367538,0.754309338785128,20000
L,smooth,S+15-100 ms,A,0.841384537057822,0.819744448477526,0.858326928284774,20000
L,smooth,S+15-100 ms,B,0.738945782785857,0.715953229983428,0.763223833235768,20000
GRAD3,smooth,S+15-100 ms,A,0.857605810698728,0.838667283665294,0.876757599074778,20000
GRAD3,smooth,S+15-100 ms,B,0.729164058877495,0.705700762137243,0.750938574467765,20000
A,smooth,S+15-100 ms,A,0.822916883805481,0.799681983122358,0.841310068283031,20000
A,smooth,S+15-100 ms,B,0.781167068228013,0.752977398450712,0.805251979567036,20000
L6,det,S+15-100 ms,A,0.831927613818199,0.814246787186194,0.849780794027755,20000
L6,det,S+15-100 ms,B,0.66559455658921,0.642730982996071,0.689069188684315,20000
FZ,det,S+15-100 ms,A,0.80135517975017,0.78508053770261,0.816869785715644,20000
FZ,det,S+15-100 ms,B,0.685490692105524,0.663240443946702,0.705559832926461,20000
P3,pink,S+15-100 ms,A,0.593694061875742,0.577297890304125,0.611516404090473,20000
P3,pink,S+15-100 ms,B,0.61780818326384,0.605158106999614,0.633409535943124,20000
P6,pink,S+15-100 ms,A,0.50290659526649,0.487732184399347,0.517763444939757,20000
P6,pink,S+15-100 ms,B,0.57598007548623,0.563125927719227,0.589577272579003,20000
E15,exp,S+15-100 ms,A,0.484674979486744,0.471580083726487,0.497414545210291,20000
E15,exp,S+15-100 ms,B,0.535708298725766,0.520425131450735,0.550022374072389,20000
G50,gau,S+15-100 ms,A,0.475429588067627,0.461074415797062,0.489885271813154,20000
G50,gau,S+15-100 ms,B,0.54976402630431,0.532885532720966,0.567479364796068,20000
data,data,S+40-100 ms,A,0.534898731944975,0.520518563454556,0.54817093953245,20000
data,data,S+40-100 ms,B,0.453580715137471,0.443157345237353,0.463225379044656,20000
H,smooth,S+40-100 ms,A,0.643212324705087,0.623025353028408,0.669892234804167,20000
H,smooth,S+40-100 ms,B,0.582856096295977,0.564680485584914,0.60472933886996,20000
L,smooth,S+40-100 ms,A,0.639107469978134,0.614931716205197,0.66107857516952,20000
L,smooth,S+40-100 ms,B,0.530552075444828,0.514375675676561,0.547098457438611,20000
GRAD3,smooth,S+40-100 ms,A,0.6867497152408,0.662967868255865,0.710609900261017,20000
GRAD3,smooth,S+40-100 ms,B,0.580521958575253,0.559450462412853,0.604020334629435,20000
A,smooth,S+40-100 ms,A,0.603530119947379,0.581533161616267,0.62329777952161,20000
A,smooth,S+40-100 ms,B,0.577051258367635,0.555166529291403,0.600994366025095,20000
L6,det,S+40-100 ms,A,0.573058825353848,0.556282761931772,0.58923981504457,20000
L6,det,S+40-100 ms,B,0.515383528581453,0.501252721455935,0.528784754167557,20000
FZ,det,S+40-100 ms,A,0.63778577523058,0.617333189506767,0.659370421088083,20000
FZ,det,S+40-100 ms,B,0.615431451716954,0.595483654927616,0.635496683655091,20000
P3,pink,S+40-100 ms,A,0.545316337626797,0.532733548141925,0.55762528034101,20000
P3,pink,S+40-100 ms,B,0.502203988907192,0.492049531601373,0.512505039606746,20000
P6,pink,S+40-100 ms,A,0.543854179130911,0.529065734198342,0.559350701882531,20000
P6,pink,S+40-100 ms,B,0.491123939622697,0.48145412217113,0.499906297034572,20000
E15,exp,S+40-100 ms,A,0.531647904986236,0.518273788592467,0.546587169756676,20000
E15,exp,S+40-100 ms,B,0.490879111871125,0.480650434842276,0.500606796089028,20000
G50,gau,S+40-100 ms,A,0.490902191565163,0.481116304507272,0.500240882202653,20000
G50,gau,S+40-100 ms,B,0.487802780832057,0.476618847888135,0.49978220518417,20000
data,data,S+50-110 ms,A,0.543005327508225,0.527001409402156,0.557347140621732,20000
data,data,S+50-110 ms,B,0.446792462411398,0.436836110075317,0.457096015552461,20000
H,smooth,S+50-110 ms,A,0.587194078759989,0.569328966144113,0.609042928747838,20000
H,smooth,S+50-110 ms,B,0.557568814651204,0.538782722732836,0.577527590895508,20000
L,smooth,S+50-110 ms,A,0.568903766512985,0.550806999236822,0.583373359974375,20000
L,smooth,S+50-110 ms,B,0.527981788266982,0.510588117408139,0.544151437747219,20000
GRAD3,smooth,S+50-110 ms,A,0.578111547425271,0.558157025161499,0.599356584791213,20000
GRAD3,smooth,S+50-110 ms,B,0.557673585788921,0.537171379946468,0.578463214256755,20000
A,smooth,S+50-110 ms,A,0.594036500036682,0.572590981263434,0.615439727937865,20000
A,smooth,S+50-110 ms,B,0.564335533001737,0.543898554395713,0.584876378099393,20000
L6,det,S+50-110 ms,A,0.511380148873644,0.499386739902708,0.523770910433734,20000
L6,det,S+50-110 ms,B,0.552088083393925,0.533931442881177,0.569447810085125,20000
FZ,det,S+50-110 ms,A,0.603312106602074,0.584918723147257,0.62162529289382,20000
FZ,det,S+50-110 ms,B,0.588574954137503,0.571037688367461,0.60687259467803,20000
P3,pink,S+50-110 ms,A,0.514167280263078,0.501576514303426,0.527000108492836,20000
P3,pink,S+50-110 ms,B,0.501982731961013,0.4891012914809,0.514542813861846,20000
P6,pink,S+50-110 ms,A,0.523527790387052,0.510389531941514,0.538339100119489,20000
P6,pink,S+50-110 ms,B,0.490178131614774,0.478681220846028,0.502970368506814,20000
E15,exp,S+50-110 ms,A,0.511977779775588,0.49977584982509,0.526245577700837,20000
E15,exp,S+50-110 ms,B,0.500500811587669,0.488118801809988,0.514129844602446,20000
G50,gau,S+50-110 ms,A,0.495834553423659,0.484711440829558,0.506754668666403,20000
G50,gau,S+50-110 ms,B,0.49704788719986,0.485386441263443,0.508729148453832,20000
data (noise window),noise,S+550-610 ms,A,0.56750763081353,0.551625831466262,0.584990351119899,20000
data (noise window),noise,S+550-610 ms,B,0.477461448473809,0.46400097691566,0.491775370138981,20000
