model,D1_median,cohA_0_5m,cohA_80_160m,cohB_0_5m,cohB_80_160m
data,-0.21291200161471,0.692223781866787,0.486869286071422,0.74994132778905,0.478295294049876
H,-1.2042116850043,0.860526266938546,0.838970881346128,0.75498261903887,0.713565926503136
A,-1.20463994444112,0.880993940420874,0.789257672132174,0.830557731110171,0.775601030854909
P3,-0.0830950950518163,0.772639661001741,0.547697238112651,0.737543286931735,0.582904201511545
P6,0.117277189584311,0.757263116042643,0.456761088387202,0.752341401617344,0.538512419737452
P9,0.200801916337522,0.701714259234709,0.412385573765043,0.761132689884723,0.490509934790882
E15,0.089994080480979,0.767696079887909,0.443881901912359,0.750477949298752,0.490819698788657
E50,0.0911934073243896,0.769106945444218,0.41284627083557,0.798732520668024,0.536754931886917
G15,0.248249104898831,0.798423261378416,0.438788239219273,0.735650848052878,0.47614845316633
G50,-0.09640032845344,0.741324107368886,0.45097425458608,0.826593865592608,0.505368134622414
