model,mt,med_A,med_B,VR,cond_median,cond_p90,pct_ISO_abs,pct_CLVD_abs,pct_DC
A,full,-1.91226009496468,-1.18876012985892,0.644455152756088,16.3950755923203,24.7104914082767,27.7101767151941,34.9193160085044,36.3739309280283
A,dev,-2.03704438961436,-1.21423387064038,0.588973205201106,16.3950755923203,24.7104914082767,27.7101767151941,34.9193160085044,36.3739309280283
A,dc,-2.09694857434542,-1.24822026640392,0.542574605828529,16.3950755923203,24.7104914082767,27.7101767151941,34.9193160085044,36.3739309280283
E15,full,0.283932218391473,0.941914531750245,0.635206508733694,6.16625081715091,9.45964216335022,34.4590835782162,22.5695105374521,38.7046153929304
E15,dev,0.341147543290885,0.878344704780189,0.547108813965761,6.16625081715091,9.45964216335022,34.4590835782162,22.5695105374521,38.7046153929304
E15,dc,0.310442210784338,0.843932962839183,0.511664738623306,6.16625081715091,9.45964216335022,34.4590835782162,22.5695105374521,38.7046153929304
E15b,full,0.402325602254813,0.64458822838381,0.679386809436067,6.03044546417762,8.66233116743651,26.2113967183079,30.2978225550728,38.7245855561315
E15b,dev,0.394459031990698,0.610858825457986,0.637926678497283,6.03044546417762,8.66233116743651,26.2113967183079,30.2978225550728,38.7245855561315
E15b,dc,0.353492176356415,0.566184629625143,0.592117897648842,6.03044546417762,8.66233116743651,26.2113967183079,30.2978225550728,38.7245855561315
E50,full,0.305341136552026,0.706004771655708,0.592956252981069,6.50231250603639,10.6141157553412,29.9567636302391,21.0552951663161,42.0822200453381
E50,dev,0.240302269128475,0.692516162603235,0.53744168031868,6.50231250603639,10.6141157553412,29.9567636302391,21.0552951663161,42.0822200453381
E50,dc,0.231293949668819,0.638515167643972,0.502823800274281,6.50231250603639,10.6141157553412,29.9567636302391,21.0552951663161,42.0822200453381
FZ,full,-1.04066639485516,-0.388464597209265,0.733586491022941,15.4286798641118,18.5208987372247,29.6115107037058,27.3272486973036,41.2829378356198
FZ,dev,-1.19482111736957,-0.488172220924573,0.68950786023009,15.4286798641118,18.5208987372247,29.6115107037058,27.3272486973036,41.2829378356198
FZ,dc,-1.23676512060442,-0.582841079598474,0.64898825906218,15.4286798641118,18.5208987372247,29.6115107037058,27.3272486973036,41.2829378356198
G15,full,0.424235081139119,1.11607400897932,0.638896954281267,6.51816700908521,9.50253265698717,35.8151639780345,22.4979691564294,37.2405631689714
G15,dev,0.413218084946928,1.0268784243325,0.549672994210303,6.51816700908521,9.50253265698717,35.8151639780345,22.4979691564294,37.2405631689714
G15,dc,0.389463747504337,0.984433461316605,0.518297377372811,6.51816700908521,9.50253265698717,35.8151639780345,22.4979691564294,37.2405631689714
G50,full,0.293496574784756,0.540918748199862,0.558297028708209,5.70859610342122,8.13147171743006,30.6411261374815,23.9993663230752,41.4255694366804
G50,dev,0.296564766923038,0.568482602242541,0.510346471115962,5.70859610342122,8.13147171743006,30.6411261374815,23.9993663230752,41.4255694366804
G50,dc,0.297149494868146,0.519325315435554,0.47515807925142,5.70859610342122,8.13147171743006,30.6411261374815,23.9993663230752,41.4255694366804
G50b,full,0.359186493568235,-0.582285032096223,0.652683800321601,4.8492609863507,6.6002542176695,21.6823261301413,29.6611292255041,39.965770861338
G50b,dev,0.269541559342242,-0.578200503804596,0.615474015753188,4.8492609863507,6.6002542176695,21.6823261301413,29.6611292255041,39.965770861338
G50b,dc,0.26817031585351,-0.616623139941605,0.568820694120744,4.8492609863507,6.6002542176695,21.6823261301413,29.6611292255041,39.965770861338
GRAD3,full,-1.67015841905662,-1.10999647343941,0.741561064652797,17.3780445447598,18.9930861441597,27.8076757757969,26.4239587322399,42.2886171582898
GRAD3,dev,-1.68765101741771,-1.10740342017082,0.694590280985425,17.3780445447598,18.9930861441597,27.8076757757969,26.4239587322399,42.2886171582898
GRAD3,dc,-1.69005495874578,-1.12538633325555,0.663229293638225,17.3780445447598,18.9930861441597,27.8076757757969,26.4239587322399,42.2886171582898
H,full,-1.79620183096924,-1.09028778826592,0.746743644507432,17.5546162698605,19.2900890633804,27.8236518307006,27.7072547974602,41.3068021964234
H,dev,-1.82646723717669,-1.08942011925028,0.710940429455083,17.5546162698605,19.2900890633804,27.8236518307006,27.7072547974602,41.3068021964234
H,dc,-1.81644550676384,-1.10750345202162,0.671381943218989,17.5546162698605,19.2900890633804,27.8236518307006,27.7072547974602,41.3068021964234
L,full,-1.64090383653267,-1.17208219222836,0.73237128295438,17.3589934134753,18.8252664836126,28.847963033932,31.3635866187204,37.8503273770483
L,dev,-1.69796938672564,-1.15953892958745,0.675100921741954,17.3589934134753,18.8252664836126,28.847963033932,31.3635866187204,37.8503273770483
L,dc,-1.70679634886111,-1.18114206250834,0.644266021330416,17.3589934134753,18.8252664836126,28.847963033932,31.3635866187204,37.8503273770483
L6,full,-1.28046204754359,-0.526068757507567,0.730110520787634,17.7857894680454,19.4407444639062,28.7606983517025,34.5747458885147,36.6194708352495
L6,dev,-1.33445779448659,-0.514326736190759,0.679619933912349,17.7857894680454,19.4407444639062,28.7606983517025,34.5747458885147,36.6194708352495
L6,dc,-1.33638789190923,-0.506424459322207,0.656931042363275,17.7857894680454,19.4407444639062,28.7606983517025,34.5747458885147,36.6194708352495
P1,full,-0.735941132977223,0.0160158188644288,0.716189102906427,12.0253382319086,17.0050108929503,33.6448040127267,27.9991588932246,36.243134744542
P1,dev,-0.910939715530718,-0.16141986466977,0.642131103159568,12.0253382319086,17.0050108929503,33.6448040127267,27.9991588932246,36.243134744542
P1,dc,-0.93175615878608,-0.285225402673211,0.61261372832218,12.0253382319086,17.0050108929503,33.6448040127267,27.9991588932246,36.243134744542
P11,full,0.76594865861359,1.06226311136096,0.560594651902406,5.50800769915514,9.24781208449419,28.6697282903849,24.2610743165394,42.9469330891831
P11,dev,0.779693451100713,1.02973081767793,0.501055506577746,5.50800769915514,9.24781208449419,28.6697282903849,24.2610743165394,42.9469330891831
P11,dc,0.832434594297261,0.996382839344038,0.465573495444918,5.50800769915514,9.24781208449419,28.6697282903849,24.2610743165394,42.9469330891831
P2,full,-0.7304032683807,-0.033404764167833,0.710516912324175,10.8486172255902,16.7095416141884,34.2822120576739,26.9285635819101,34.959907480069
P2,dev,-0.917750514819097,-0.210418074947791,0.631406747262155,10.8486172255902,16.7095416141884,34.2822120576739,26.9285635819101,34.959907480069
P2,dc,-0.975431776318369,-0.322641913912663,0.600760411663337,10.8486172255902,16.7095416141884,34.2822120576739,26.9285635819101,34.959907480069
P3,full,-0.143701513840973,0.527327592716422,0.67090334100652,8.12377931352647,13.5639136189326,35.7499875969094,23.8309886344339,36.8514049094097
P3,dev,-0.222212986606586,0.4053347551779,0.599091695341992,8.12377931352647,13.5639136189326,35.7499875969094,23.8309886344339,36.8514049094097
P3,dc,-0.263393913143677,0.353856476088171,0.567279013828296,8.12377931352647,13.5639136189326,35.7499875969094,23.8309886344339,36.8514049094097
P4,full,-1.20349402517231,-0.494579878153692,0.733847267216889,15.9303278848915,19.4118433381502,30.4586466433091,28.2089836535135,40.496764544619
P4,dev,-1.39979479250454,-0.657850846229431,0.674070417077272,15.9303278848915,19.4118433381502,30.4586466433091,28.2089836535135,40.496764544619
P4,dc,-1.43747312841111,-0.735850959235854,0.642026042015863,15.9303278848915,19.4118433381502,30.4586466433091,28.2089836535135,40.496764544619
P5,full,-0.738219975939113,-0.0101415120049645,0.722545942073066,13.7678269497432,17.7681089663916,33.5450771855376,26.7244205791663,39.0026938175798
P5,dev,-0.970316935607526,-0.210447938214545,0.651401610202865,13.7678269497432,17.7681089663916,33.5450771855376,26.7244205791663,39.0026938175798
P5,dc,-1.0306891115397,-0.313372973278584,0.621140760235656,13.7678269497432,17.7681089663916,33.5450771855376,26.7244205791663,39.0026938175798
P6,full,0.31069733705452,0.776254587124982,0.623951009987231,6.64797675517489,11.0897752064976,34.5799011473357,21.7973088961386,41.2312404813751
P6,dev,0.281331581117877,0.726018802449299,0.545397047584693,6.64797675517489,11.0897752064976,34.5799011473357,21.7973088961386,41.2312404813751
P6,dc,0.233144136526695,0.722293398719921,0.516114458746437,6.64797675517489,11.0897752064976,34.5799011473357,21.7973088961386,41.2312404813751
P8,full,-0.0579001085612647,0.500185177307832,0.657236311036953,7.74970754995896,13.4786002584514,34.1348595819075,24.3937276002742,39.281840505824
P8,dev,-0.136743496471621,0.400441324080274,0.574640375516116,7.74970754995896,13.4786002584514,34.1348595819075,24.3937276002742,39.281840505824
P8,dc,-0.146869457127185,0.362596316262917,0.5387390739748,7.74970754995896,13.4786002584514,34.1348595819075,24.3937276002742,39.281840505824
P9,full,0.606695074339333,1.02806969973732,0.604319936123875,5.66270064517236,9.51843960135513,30.4109691356367,20.8523301364255,42.3637434283534
P9,dev,0.652788457868505,1.01383184494788,0.527555520528518,5.66270064517236,9.51843960135513,30.4109691356367,20.8523301364255,42.3637434283534
P9,dc,0.620297065700226,0.988763410954737,0.49578648571803,5.66270064517236,9.51843960135513,30.4109691356367,20.8523301364255,42.3637434283534
R1,full,-0.650520662751524,-0.0804023584411781,0.730418443981423,11.9431114348955,16.4412474466965,24.4127975233001,30.7864962629712,41.8832765859647
R1,dev,-0.72151607104004,-0.179166489446532,0.685036496176091,11.9431114348955,16.4412474466965,24.4127975233001,30.7864962629712,41.8832765859647
R1,dc,-0.853731747523443,-0.269925968095398,0.649691307349961,11.9431114348955,16.4412474466965,24.4127975233001,30.7864962629712,41.8832765859647
R2,full,-0.719164120910369,-0.0407105099375968,0.729430962643398,13.7886318784022,18.7606128048112,28.8994572648678,28.2402863612,39.1547947499065
R2,dev,-0.889624442846991,-0.148176440021512,0.671478000564176,13.7886318784022,18.7606128048112,28.8994572648678,28.2402863612,39.1547947499065
R2,dc,-0.882872032635472,-0.247679074417412,0.629433386871926,13.7886318784022,18.7606128048112,28.8994572648678,28.2402863612,39.1547947499065
R3,full,-0.228955172685044,0.235874713338154,0.715015397720846,7.87426546326057,10.7958902727005,24.0446197674854,29.6146613858574,42.8004878420502
R3,dev,-0.237206439689931,0.193889188765479,0.675740631935043,7.87426546326057,10.7958902727005,24.0446197674854,29.6146613858574,42.8004878420502
R3,dc,-0.26511464402499,0.144257209921882,0.64173585503144,7.87426546326057,10.7958902727005,24.0446197674854,29.6146613858574,42.8004878420502
R5,full,0.821876969681529,0.680803183598419,0.637710918014398,4.73284850678811,6.71941667438835,22.1818149313629,32.7795799469333,41.6203751853918
R5,dev,0.783456931756106,0.666607199588551,0.586037849648075,4.73284850678811,6.71941667438835,22.1818149313629,32.7795799469333,41.6203751853918
R5,dc,0.750374687305476,0.636490830831151,0.553663951711853,4.73284850678811,6.71941667438835,22.1818149313629,32.7795799469333,41.6203751853918
R6,full,0.259851018946152,0.403390019586736,0.691390918286684,6.12901916708145,8.26481745126213,21.3885474443146,33.5311143495417,39.9824989111789
R6,dev,0.232962402997309,0.399544715180413,0.645764325145549,6.12901916708145,8.26481745126213,21.3885474443146,33.5311143495417,39.9824989111789
R6,dc,0.194315707176002,0.378879968386563,0.608262928157285,6.12901916708145,8.26481745126213,21.3885474443146,33.5311143495417,39.9824989111789
T1,full,-0.891457332568736,-0.3384927394451,0.765789577752588,12.3822622397707,15.7129865605438,23.2774930114425,29.5934861558342,43.9121852875511
T1,dev,-0.939453900646618,-0.364561545818674,0.738352093443933,12.3822622397707,15.7129865605438,23.2774930114425,29.5934861558342,43.9121852875511
T1,dc,-1.05987834901944,-0.440370121840533,0.710564318587563,12.3822622397707,15.7129865605438,23.2774930114425,29.5934861558342,43.9121852875511
VSD,full,-0.132637765377695,0.536630444175141,0.661113085357906,8.77575311459196,14.6578007213744,25.4014688993585,26.7871419414653,41.0557648083149
VSD,dev,-0.137526036540385,0.489068804398582,0.618826107442076,8.77575311459196,14.6578007213744,25.4014688993585,26.7871419414653,41.0557648083149
VSD,dc,-0.186683603992672,0.46162765599571,0.58078251265394,8.77575311459196,14.6578007213744,25.4014688993585,26.7871419414653,41.0557648083149
VSO,full,0.315756706889528,0.793934087478134,0.617870586329942,6.3158066206969,11.2669465877398,31.4283361176033,23.1366147123632,41.6014808496205
VSO,dev,0.272375928929665,0.73845319898142,0.553583797688242,6.3158066206969,11.2669465877398,31.4283361176033,23.1366147123632,41.6014808496205
VSO,dc,0.219820448133239,0.683601250560606,0.516140757051954,6.3158066206969,11.2669465877398,31.4283361176033,23.1366147123632,41.6014808496205
X_exp_0.09_15_11,full,-0.070700487694578,0.60860950134648,0.6752131740712,7.58792320787802,11.921226561024,36.2519399695481,24.0190829873861,37.375833886907
X_exp_0.09_15_11,dev,-0.121153422774892,0.504244773823908,0.587230705656409,7.58792320787802,11.921226561024,36.2519399695481,24.0190829873861,37.375833886907
X_exp_0.09_15_11,dc,-0.126306910307309,0.474270809020336,0.557656635720542,7.58792320787802,11.921226561024,36.2519399695481,24.0190829873861,37.375833886907
X_exp_0.09_15_33,full,-0.00101038128930658,0.400804396805553,0.708387224197747,7.84799710439572,11.0098296238126,26.0852181535519,29.1831482259092,39.4617110501721
X_exp_0.09_15_33,dev,-0.0338169586927023,0.36247569450588,0.672273391555287,7.84799710439572,11.0098296238126,26.0852181535519,29.1831482259092,39.4617110501721
X_exp_0.09_15_33,dc,-0.128202657511641,0.326358914238006,0.628253706058698,7.84799710439572,11.0098296238126,26.0852181535519,29.1831482259092,39.4617110501721
X_exp_0.09_50_11,full,-0.155346558343794,0.386011518988863,0.653922595017055,7.76037095333195,12.8299205830688,34.3966506278699,24.6821136857488,39.7069970261349
X_exp_0.09_50_11,dev,-0.187756382333582,0.313408308571753,0.571672583295476,7.76037095333195,12.8299205830688,34.3966506278699,24.6821136857488,39.7069970261349
X_exp_0.09_50_11,dc,-0.248561655668425,0.283041238311278,0.540439972010213,7.76037095333195,12.8299205830688,34.3966506278699,24.6821136857488,39.7069970261349
X_exp_0.09_50_33,full,-0.247361501715706,-0.0614321053845268,0.717397184307383,6.86829587475792,9.16724377885638,21.6027397402855,32.5576856066034,39.7991536399406
X_exp_0.09_50_33,dev,-0.272881427869281,-0.0761219498343821,0.669605860979014,6.86829587475792,9.16724377885638,21.6027397402855,32.5576856066034,39.7991536399406
X_exp_0.09_50_33,dc,-0.360611794157705,-0.15873081257651,0.633525063319564,6.86829587475792,9.16724377885638,21.6027397402855,32.5576856066034,39.7991536399406
X_exp_0.13_50_33,full,0.447125314580125,0.179937651085321,0.666572503384878,5.27442378991404,7.17079347433515,21.2081421962796,31.1942896619408,41.0971864653398
X_exp_0.13_50_33,dev,0.443640484570039,0.181079352419616,0.62361704778087,5.27442378991404,7.17079347433515,21.2081421962796,31.1942896619408,41.0971864653398
X_exp_0.13_50_33,dc,0.426158489781047,0.140059365180826,0.586391067034952,5.27442378991404,7.17079347433515,21.2081421962796,31.1942896619408,41.0971864653398
X_exp_0.18_15_11,full,0.695587079054017,1.25623008830561,0.602477644736357,5.21000019759161,7.8859233020529,32.1862254348321,21.4760057395281,38.6886964658519
X_exp_0.18_15_11,dev,0.773243869639693,1.18440442218787,0.518329342658422,5.21000019759161,7.8859233020529,32.1862254348321,21.4760057395281,38.6886964658519
X_exp_0.18_15_11,dc,0.746577170758524,1.14776066351682,0.486854757238151,5.21000019759161,7.8859233020529,32.1862254348321,21.4760057395281,38.6886964658519
X_exp_0.18_15_33,full,0.841696051986339,0.858173929733635,0.638122771864954,4.82636121222407,6.935106452471,23.5348834145339,29.6740090415402,39.0453170155609
X_exp_0.18_15_33,dev,0.851877485130834,0.828236047174309,0.588673742209889,4.82636121222407,6.935106452471,23.5348834145339,29.6740090415402,39.0453170155609
X_exp_0.18_15_33,dc,0.841304220977509,0.788949085391984,0.53766416615008,4.82636121222407,6.935106452471,23.5348834145339,29.6740090415402,39.0453170155609
X_exp_0.18_50_11,full,0.807864305470576,1.24488603241676,0.552387451271827,5.21156673829154,8.06058970808385,28.133118160923,27.2460003011835,43.9150107579747
X_exp_0.18_50_11,dev,0.795500553996991,1.224808676819,0.4936891669024,5.21156673829154,8.06058970808385,28.133118160923,27.2460003011835,43.9150107579747
X_exp_0.18_50_11,dc,0.775799930196172,1.16037049261313,0.457289773402935,5.21156673829154,8.06058970808385,28.133118160923,27.2460003011835,43.9150107579747
X_exp_0.18_50_33,full,1.16158264808133,0.567320277578835,0.603642818203598,4.21256439567452,6.5412616362316,22.0401943239261,25.6897142833694,46.5281803472321
X_exp_0.18_50_33,dev,1.16959641195868,0.556118934030419,0.545871192730683,4.21256439567452,6.5412616362316,22.0401943239261,25.6897142833694,46.5281803472321
X_exp_0.18_50_33,dc,1.14721703585256,0.533961924553611,0.515557828208019,4.21256439567452,6.5412616362316,22.0401943239261,25.6897142833694,46.5281803472321
X_gau_0.09_15_11,full,0.136482539175172,0.7903870006165,0.687227604969462,8.21089014592894,11.5415523945958,35.8841804404696,25.1414741064691,38.0132510506202
X_gau_0.09_15_11,dev,0.0243491226008233,0.699303545660839,0.61506065822102,8.21089014592894,11.5415523945958,35.8841804404696,25.1414741064691,38.0132510506202
X_gau_0.09_15_11,dc,0.0113306509455174,0.63540608043069,0.58471868136435,8.21089014592894,11.5415523945958,35.8841804404696,25.1414741064691,38.0132510506202
X_gau_0.09_15_33,full,0.227040624334706,0.615491960312035,0.709388465502161,7.95720888347473,11.2074058050961,25.876395781485,27.5437136748183,40.6093466471469
X_gau_0.09_15_33,dev,0.150128995261919,0.595970176899744,0.656708149115051,7.95720888347473,11.2074058050961,25.876395781485,27.5437136748183,40.6093466471469
X_gau_0.09_15_33,dc,0.0803464997971692,0.52030203245904,0.628540790948035,7.95720888347473,11.2074058050961,25.876395781485,27.5437136748183,40.6093466471469
X_gau_0.09_50_11,full,-0.447342862722054,-0.349144053622426,0.620985290794057,7.26688893748386,10.6902434150712,31.1276886106665,21.5930455421861,43.2931643609603
X_gau_0.09_50_11,dev,-0.425210039146226,-0.367428365539332,0.552521817415844,7.26688893748386,10.6902434150712,31.1276886106665,21.5930455421861,43.2931643609603
X_gau_0.09_50_11,dc,-0.483583178040041,-0.430363543325159,0.52161666684167,7.26688893748386,10.6902434150712,31.1276886106665,21.5930455421861,43.2931643609603
X_gau_0.09_50_33,full,-0.501484367798269,-0.803187155338988,0.708440672797991,6.07523574972588,8.15861424300053,21.4716472859566,34.6987687409618,36.3081740133173
X_gau_0.09_50_33,dev,-0.493617043425412,-0.786173126489611,0.67184724478486,6.07523574972588,8.15861424300053,21.4716472859566,34.6987687409618,36.3081740133173
X_gau_0.09_50_33,dc,-0.543267691619599,-0.865843711494151,0.625056443470058,6.07523574972588,8.15861424300053,21.4716472859566,34.6987687409618,36.3081740133173
X_gau_0.13_15_33,full,0.558961160861024,0.886675795485547,0.671528336288632,6.06217232533851,8.67591372118715,26.1216190667762,28.9338463024036,39.1890457067845
X_gau_0.13_15_33,dev,0.539763132919758,0.872857898143254,0.625570181418068,6.06217232533851,8.67591372118715,26.1216190667762,28.9338463024036,39.1890457067845
X_gau_0.13_15_33,dc,0.4506543422506,0.869999969476291,0.57115852891457,6.06217232533851,8.67591372118715,26.1216190667762,28.9338463024036,39.1890457067845
X_gau_0.18_15_11,full,0.721629571110177,1.37222416083588,0.601419142631129,5.51548543718063,8.20692797133952,34.7289585876567,23.0784903093476,37.4627372635536
X_gau_0.18_15_11,dev,0.788352350627684,1.34492440026002,0.505494406717637,5.51548543718063,8.20692797133952,34.7289585876567,23.0784903093476,37.4627372635536
X_gau_0.18_15_11,dc,0.757586230322057,1.29159902572267,0.478870907991588,5.51548543718063,8.20692797133952,34.7289585876567,23.0784903093476,37.4627372635536
X_gau_0.18_15_33,full,0.909463811984952,1.18602171854752,0.613561876480408,4.88448183798052,7.00761926813599,26.6954216021423,25.1005414094553,40.0803937199983
X_gau_0.18_15_33,dev,0.890860087692425,1.18099873923296,0.563433154580793,4.88448183798052,7.00761926813599,26.6954216021423,25.1005414094553,40.0803937199983
X_gau_0.18_15_33,dc,0.830543546211542,1.1320974727148,0.521680201427153,4.88448183798052,7.00761926813599,26.6954216021423,25.1005414094553,40.0803937199983
X_gau_0.18_50_11,full,0.848312899418389,1.48201785374702,0.544675662358483,4.97089923015063,6.62785906029199,33.3994581548968,25.8606743576181,38.257114210405
X_gau_0.18_50_11,dev,0.784522338106554,1.52790179652062,0.47130073763109,4.97089923015063,6.62785906029199,33.3994581548968,25.8606743576181,38.257114210405
X_gau_0.18_50_11,dc,0.785905597726611,1.439075501402,0.424401511087303,4.97089923015063,6.62785906029199,33.3994581548968,25.8606743576181,38.257114210405
X_gau_0.18_50_33,full,1.05268358119219,-0.0848589968891071,0.557600923619852,3.81530966033323,5.71864145476847,21.8638878480387,28.8147535646187,43.44811910664
X_gau_0.18_50_33,dev,1.02217309204378,-0.108428221270732,0.515479871020798,3.81530966033323,5.71864145476847,21.8638878480387,28.8147535646187,43.44811910664
X_gau_0.18_50_33,dc,1.0182791014344,-0.162894457976236,0.473898890762079,3.81530966033323,5.71864145476847,21.8638878480387,28.8147535646187,43.44811910664
X_pink_0.09_1.8_33,full,-0.18628693924003,0.0608302560799634,0.71325416314774,7.04389687359425,9.37392598614121,21.2391488274008,33.6802191745183,40.3248209723912
X_pink_0.09_1.8_33,dev,-0.235305383833901,0.0176594181148022,0.66495635549811,7.04389687359425,9.37392598614121,21.2391488274008,33.6802191745183,40.3248209723912
X_pink_0.09_1.8_33,dc,-0.260234176110484,-0.0351636704681457,0.628979931933889,7.04389687359425,9.37392598614121,21.2391488274008,33.6802191745183,40.3248209723912
X_pink_0.13_1.8_11,full,0.338431990756861,0.763132984131425,0.608341774270714,6.45915048443966,11.3310211278306,30.3932632898538,23.610546530641,43.3351999250415
X_pink_0.13_1.8_11,dev,0.372606532102398,0.76072351616208,0.532182962021916,6.45915048443966,11.3310211278306,30.3932632898538,23.610546530641,43.3351999250415
X_pink_0.13_1.8_11,dc,0.324369347347105,0.68032579530401,0.495821959430918,6.45915048443966,11.3310211278306,30.3932632898538,23.610546530641,43.3351999250415
X_pink_0.13_1.8_33,full,0.428382344731549,0.290123731610613,0.6462743598845,5.27516108782674,7.02510118251693,22.5267941376953,32.5518036916876,40.6023389667875
X_pink_0.13_1.8_33,dev,0.406460056691633,0.281935795494342,0.597569000426924,5.27516108782674,7.02510118251693,22.5267941376953,32.5518036916876,40.6023389667875
X_pink_0.13_1.8_33,dc,0.364952496370039,0.224420339705217,0.561861745286381,5.27516108782674,7.02510118251693,22.5267941376953,32.5518036916876,40.6023389667875
X_pink_0.18_1.8_33,full,1.04260912213567,0.636715779039233,0.593963607409199,4.28166908508543,6.25390373028773,22.2309472183359,28.2048538873096,44.8431211661236
X_pink_0.18_1.8_33,dev,1.07106966382428,0.619850990604896,0.531587097824982,4.28166908508543,6.25390373028773,22.2309472183359,28.2048538873096,44.8431211661236
X_pink_0.18_1.8_33,dc,1.09998763870904,0.580877255093542,0.496079485925096,4.28166908508543,6.25390373028773,22.2309472183359,28.2048538873096,44.8431211661236
