detrend,psd,segment,beta_12_200,beta_1_200
mean,periodogram,full,1.0381948125123885,1.5409042154322705
mean,welch,full,0.8732286825228416,1.5125476431401987
mean,multitaper,full,0.8448657217061869,1.5532552542352858
mean,multitaper,third 1 (1950-2221 m),0.8487148397080743,1.2002113486594301
mean,multitaper,third 2 (2221-2493 m),0.9097376969538663,1.701470070797204
mean,multitaper,third 3 (2493-2764 m),1.213190348650777,1.6775313653973258
linear,periodogram,full,1.0496766010038747,1.5403560204953919
linear,welch,full,0.8712406655516589,1.5123601271207334
linear,multitaper,full,0.8464194287468885,1.5537907893227747
linear,multitaper,third 1 (1950-2221 m),0.5888953619791221,1.1815901699626992
linear,multitaper,third 2 (2221-2493 m),0.8694598056538207,1.6999784845345767
linear,multitaper,third 3 (2493-2764 m),0.9549733005106982,1.6719224560206793
quadratic,periodogram,full,1.0539051040091765,1.5411875177890317
quadratic,welch,full,0.867755880422707,1.5120063552364371
quadratic,multitaper,full,0.8446836030632191,1.5536368930146378
quadratic,multitaper,third 1 (1950-2221 m),0.5746765601047829,1.1812379044907628
quadratic,multitaper,third 2 (2221-2493 m),0.8310988385077502,1.6974440779306434
quadratic,multitaper,third 3 (2493-2764 m),0.7783070550140896,1.6619792758832943
