model,sensor,d_lo_m,d_hi_m,median_coh,lo95,hi95,median_coh_loc5m,median_coh_loc10m,n_pairs,n_events
data,A,0,5,0.691508950947055,0.522334843823026,0.834807369065825,0.625464058955297,NaN,64,96
data,A,5,10,0.658960591921454,0.577879528066637,0.704619023095128,0.635703307527259,0.583856206504978,197,225
data,A,10,20,0.583001774682334,0.544376086831921,0.624994817285637,0.589042811039537,0.574471541874793,607,376
data,A,20,40,0.528548584339208,0.506208404554625,0.55300150575056,0.534919959208491,0.543512365650457,2025,440
data,A,40,80,0.511688579932283,0.492015741465233,0.53191609273303,0.512315742691991,0.514096483871644,5827,454
data,A,80,160,0.486843343960612,0.468690122388503,0.506517868745448,0.487128317540371,0.488482921856291,11280,462
data,B,0,5,0.745827732315813,0.567851231463811,0.883424691345644,0.686603905718054,NaN,64,101
data,B,5,10,0.646568395107265,0.526804240697242,0.770605558699331,0.658468607899853,0.618865100388256,204,230
data,B,10,20,0.639094460620403,0.570124904987687,0.716438097100293,0.629165540377117,0.607867382842895,658,399
data,B,20,40,0.56630998601882,0.529279607709273,0.601322062674894,0.569044566509755,0.57083043380656,2039,485
data,B,40,80,0.503728673029935,0.47941437003291,0.532535969231789,0.505417212330599,0.51181147010958,5567,499
data,B,80,160,0.478292407858161,0.458279458080436,0.501825365692009,0.478643971983966,0.48006591990489,11468,509
H,A,0,5,0.860441179418435,0.592674506185672,0.92134406544801,0.876251742125845,NaN,64,109
H,A,5,10,0.897009373728279,0.80950039367849,0.936005513416715,0.87622335032004,0.871835080513093,201,244
H,A,10,20,0.87449023828265,0.843370068995334,0.906948878803627,0.876368094095292,0.871386181932965,617,425
H,A,20,40,0.868439848467046,0.837270697203618,0.895630538127254,0.86447414160504,0.86585964683847,1977,522
H,A,40,80,0.857684346088985,0.836291335989567,0.878593891178342,0.858640010734194,0.858420154871482,5488,540
H,A,80,160,0.838970882191432,0.818666119529513,0.859230363615249,0.839751130397796,0.841256441129088,11653,555
H,B,0,5,0.745456897547354,0.537235940751235,0.925172292980647,0.768812797982049,0.735801294775645,64,104
H,B,5,10,0.805878993698453,0.707720067863342,0.918092173657382,0.785789571187246,0.775154933204273,202,236
H,B,10,20,0.766461587318243,0.696678120107993,0.840432279916279,0.781530117571603,0.775868686170837,606,416
H,B,20,40,0.766391623931703,0.72426326158496,0.810192266011203,0.7720507686768,0.772848551084273,2031,525
H,B,40,80,0.750608665808211,0.71881874456348,0.778143862192803,0.749229144877425,0.75046633697808,5517,546
H,B,80,160,0.713562475443828,0.685358824310889,0.741163809953256,0.715172333642729,0.717936624212716,11580,555
A,A,0,5,0.875889305431188,0.706448463606372,0.940317809627981,0.892520316625946,NaN,64,109
A,A,5,10,0.915059482383254,0.845518045987959,0.94224627999728,0.895799904141187,0.888721010930248,201,244
A,A,10,20,0.890996327908635,0.855777385473883,0.918048075100192,0.892349888719064,0.88709926876519,617,425
A,A,20,40,0.879811437455746,0.850855825469279,0.900235132812728,0.877105084203698,0.878213169050321,1977,522
A,A,40,80,0.853304899239864,0.829038769029833,0.875660028386381,0.853465170720384,0.853923694091193,5488,540
A,A,80,160,0.789257673771144,0.762956432769469,0.811517241537565,0.791848816754911,0.79645925378192,11653,555
A,B,0,5,0.828778059454891,0.619035133542573,0.90430704807816,0.815424986251448,NaN,64,104
A,B,5,10,0.844494610163562,0.74377869444828,0.927926501015506,0.822096898144444,0.804513452586173,202,236
A,B,10,20,0.811718670010253,0.756713427922933,0.853284682773328,0.814319933558471,0.81115278802562,606,416
A,B,20,40,0.791505309609766,0.738022121702967,0.83699532860695,0.798536965754267,0.801012245285976,2031,525
A,B,40,80,0.78275985379969,0.747609146773164,0.808282171140313,0.78126303700048,0.781815308418146,5517,546
A,B,80,160,0.775542385675557,0.740496992936097,0.803166286010635,0.776226192929253,0.776901076554,11580,555
L,A,0,5,0.837801783730167,0.675911174359248,0.924862815583932,0.858030431724553,NaN,64,109
L,A,5,10,0.884790609236077,0.823681102057731,0.933712783234711,0.871047331494707,0.863685961332075,201,244
L,A,10,20,0.872374744365651,0.831780850092978,0.896093385095305,0.872787950121767,0.866829504728825,617,425
L,A,20,40,0.865544229518009,0.833691878598654,0.891384682917222,0.860795696544386,0.862223600267147,1977,522
L,A,40,80,0.852538972241608,0.832038109473704,0.87440051673355,0.853783562754381,0.853350338211365,5488,540
L,A,80,160,0.828155994469914,0.804692095224676,0.848142170859286,0.828719389512662,0.830495984357963,11653,555
L,B,0,5,0.779949158850522,0.579538470736072,0.887451082657089,0.778036850148207,0.656290373507133,64,104
L,B,5,10,0.831424661926811,0.739865892834433,0.886254645026184,0.798188116903874,0.785310399510036,202,236
L,B,10,20,0.789700640203928,0.734529075643282,0.83659937112679,0.793293124790793,0.78947635219238,606,416
L,B,20,40,0.763069750298885,0.717684378088091,0.802794546575771,0.767643574038024,0.77033613655079,2031,525
L,B,40,80,0.745391373830762,0.718429326483763,0.775092108742501,0.743862038875836,0.745796508923277,5517,546
L,B,80,160,0.728751566685662,0.705398676378784,0.755181839678496,0.729861016325632,0.730724415161763,11580,555
L6,A,0,5,0.833174638088988,0.652193825233648,0.923751254792146,0.837589819186917,NaN,64,109
L6,A,5,10,0.878322754113279,0.828566245079698,0.937246438849347,0.870455430262222,0.859310322230719,201,244
L6,A,10,20,0.865398263440686,0.838837918229183,0.897487095616297,0.864870614931684,0.860999097262149,617,425
L6,A,20,40,0.85583091554121,0.820530064470096,0.881398688274711,0.854096097860937,0.854965582512229,1977,522
L6,A,40,80,0.842486191597029,0.819862258690256,0.862912277148109,0.84352304153859,0.843009007031835,5488,540
L6,A,80,160,0.819993842758857,0.795147324494697,0.838017187132897,0.820504780814299,0.822200586144938,11653,555
L6,B,0,5,0.7469649791067,0.529459102785379,0.865319404986657,0.744906343550312,0.723158789599064,64,104
L6,B,5,10,0.78309733952025,0.65757032316252,0.861700618594855,0.754765595636651,0.733659406077314,202,236
L6,B,10,20,0.74023202826262,0.665155275676425,0.780983438135491,0.740951570181265,0.732284953983096,606,416
L6,B,20,40,0.689145305748833,0.651199540610057,0.723238190037288,0.697788251754998,0.704849859270513,2031,525
L6,B,40,80,0.677725070951275,0.648257711955977,0.704400590548203,0.67763294809661,0.679950973238247,5517,546
L6,B,80,160,0.651762427034871,0.628272067621332,0.679305681135833,0.652965404324331,0.654573793993186,11580,555
GRAD3,A,0,5,0.858944222371106,0.62186257698606,0.938705453510765,0.859022816034336,0.86890022061753,64,109
GRAD3,A,5,10,0.899087039105994,0.8421516810927,0.947804026548726,0.88380771610378,0.875855226224112,201,244
GRAD3,A,10,20,0.883249563378468,0.848918065276047,0.90977887717861,0.884386206343475,0.882217778892961,617,425
GRAD3,A,20,40,0.876029589943767,0.844504197881798,0.902219515536603,0.874193515352009,0.876065545101377,1977,522
GRAD3,A,40,80,0.867401915987127,0.842929990919712,0.887340611528979,0.868488170213927,0.867765302850696,5488,540
GRAD3,A,80,160,0.846786567572621,0.825158793617581,0.866696015360033,0.847274748187085,0.849237220542325,11653,555
GRAD3,B,0,5,0.764883315607686,0.541554894517866,0.92422636179425,0.776714243477803,NaN,64,104
GRAD3,B,5,10,0.800431946850109,0.681446293450313,0.914513771119616,0.779988396115488,0.777442125111363,202,236
GRAD3,B,10,20,0.764116804831674,0.693402666321323,0.831211084666683,0.777986032626798,0.775899276962009,606,416
GRAD3,B,20,40,0.762794582512383,0.720704802225683,0.802180143343617,0.769257237383581,0.769270967217685,2031,525
GRAD3,B,40,80,0.742396650327389,0.711570614162236,0.77298241905708,0.741896671551698,0.743839471516815,5517,546
GRAD3,B,80,160,0.714363779054464,0.691363747604449,0.74401169155478,0.715447244547777,0.717343382599277,11580,555
FZ,A,0,5,0.870610812106043,0.67161499592027,0.923317124537301,0.854480358559925,NaN,64,109
FZ,A,5,10,0.867788679596689,0.820071471005873,0.915649233741003,0.858063845953846,0.83892312744575,201,244
FZ,A,10,20,0.852687968971836,0.817606567520069,0.870513872219835,0.845826861324034,0.833997361582405,617,425
FZ,A,20,40,0.813955715696792,0.787735662666257,0.833683228614647,0.816104379967761,0.820680665214747,1977,522
FZ,A,40,80,0.804624396341644,0.783147171710764,0.824180143445356,0.804645160769477,0.805822875994591,5488,540
FZ,A,80,160,0.794599904409085,0.776427237909263,0.812295160452494,0.794796277857963,0.795481130583471,11653,555
FZ,B,0,5,0.767347753646179,0.617590289056406,0.919215887683663,0.777873018517155,0.856734521764702,64,104
FZ,B,5,10,0.80378443309958,0.715617248965761,0.894790734593512,0.773353727987166,0.760028288711719,202,236
FZ,B,10,20,0.761633382862949,0.701328303714151,0.811678249435112,0.768346996368175,0.75571721258466,606,416
FZ,B,20,40,0.728100270356435,0.691686137832917,0.769822014534223,0.73323030672036,0.734355632456581,2031,525
FZ,B,40,80,0.692126099543039,0.665911757467629,0.719772373647688,0.692466236751968,0.695911381511582,5517,546
FZ,B,80,160,0.669665623926817,0.64369368697699,0.694484253533714,0.670936217589528,0.672175323552594,11580,555
P3,A,0,5,0.771152984766696,0.665500497797724,0.846528908459602,0.766494133901328,NaN,64,109
P3,A,5,10,0.780656212727197,0.731345568810474,0.833152559767256,0.76888622176296,0.741114652520809,201,244
P3,A,10,20,0.743283640236338,0.700361920629395,0.777225030637651,0.750510732632517,0.730113255309863,617,425
P3,A,20,40,0.696273298017746,0.669038661315149,0.719870342328291,0.695268379411894,0.699777411463315,1977,522
P3,A,40,80,0.636350452002888,0.612662830886218,0.657236368479551,0.637026927988296,0.640231984205427,5488,540
P3,A,80,160,0.547697232951679,0.526751077720252,0.564660462536806,0.550347573716073,0.554652000460616,11653,555
P3,B,0,5,0.724498631339392,0.575992004425145,0.881822704666742,0.75219610296173,NaN,64,104
P3,B,5,10,0.795176887772078,0.709033967388467,0.875570758301796,0.760971093947527,0.728677839149528,202,236
P3,B,10,20,0.736252360827838,0.681362321518894,0.789295376127589,0.742571397284636,0.728518804301092,606,416
P3,B,20,40,0.691076773919262,0.664847680702149,0.721467261565221,0.697571316248111,0.702238697340281,2031,525
P3,B,40,80,0.648207918705194,0.626702031480945,0.672755004451661,0.649188379336983,0.652657230634157,5517,546
P3,B,80,160,0.582855155484565,0.567133468803539,0.600355941235436,0.584245903607846,0.587063136555744,11580,555
P6,A,0,5,0.756777420752459,0.660566991671511,0.841465950891064,0.717423945806721,0.659693862028123,64,109
P6,A,5,10,0.740943903843642,0.673610047987645,0.80329389008749,0.722971271558952,0.685460808839136,201,244
P6,A,10,20,0.688203738181839,0.65267619658584,0.722324009907006,0.698096756165927,0.677371296036098,617,425
P6,A,20,40,0.624393718188437,0.599182663296992,0.648039280781523,0.627887305612518,0.632966021413476,1977,522
P6,A,40,80,0.530979988997795,0.511654654703898,0.549008193032315,0.533406307047383,0.540438881033084,5488,540
P6,A,80,160,0.456761087440564,0.440965685853368,0.473208478264676,0.458778913972892,0.461678682205901,11653,555
P6,B,0,5,0.750355976931192,0.619247227966458,0.879186694089135,0.743100039963432,NaN,64,104
P6,B,5,10,0.770952640219465,0.690368931409526,0.840584718426893,0.739159879830616,0.712775558145727,202,236
P6,B,10,20,0.720382013886863,0.664925556803891,0.764450021325052,0.723611752735513,0.700831346133867,606,416
P6,B,20,40,0.661545905205933,0.638741723749606,0.68746704936994,0.665749690970426,0.669208951130865,2031,525
P6,B,40,80,0.611590910962562,0.592579252403327,0.630166494386142,0.611759871600378,0.61538461452039,5517,546
P6,B,80,160,0.538472178875092,0.523852972363189,0.552338085100884,0.539893059727347,0.543121662125605,11580,555
E15,A,0,5,0.76677341355568,0.6626379391292,0.864807260120764,0.732734139206272,NaN,64,109
E15,A,5,10,0.750114099698869,0.66320408628208,0.809135490288989,0.730575390356804,0.683712982313881,201,244
E15,A,10,20,0.686551755083806,0.655398181500385,0.722121455213316,0.693273223929469,0.668606805002802,617,425
E15,A,20,40,0.613392018722234,0.587260430939371,0.634733981298445,0.618322189997324,0.623551436416722,1977,522
E15,A,40,80,0.507779825887438,0.489373448226113,0.530198957819899,0.51132838655503,0.520983660395849,5488,540
E15,A,80,160,0.44388189579825,0.429747843172247,0.460419093078498,0.444746962020488,0.446970865024249,11653,555
E15,B,0,5,0.748796388083843,0.651322060520764,0.882684040001635,0.744207013830076,NaN,64,104
E15,B,5,10,0.785877562743042,0.703170341421771,0.839232875705742,0.736553618151903,0.701838370300736,202,236
E15,B,10,20,0.712249387326714,0.668361065028882,0.760306143730363,0.712073064444444,0.688414147297636,606,416
E15,B,20,40,0.636082416575209,0.61098881283011,0.660252097840704,0.642544830932168,0.647339053483127,2031,525
E15,B,40,80,0.573080526789299,0.552688599007935,0.591430873567785,0.573660116035024,0.577584821222805,5517,546
E15,B,80,160,0.490804430803806,0.475546885626139,0.504614256667703,0.492964237320443,0.496461632033347,11580,555
G50,A,0,5,0.738645120403985,0.60537869810478,0.819700315400102,0.70513157248564,NaN,64,109
G50,A,5,10,0.742542281093697,0.662807505883569,0.794332542806471,0.706740296867123,0.645281812839308,201,244
G50,A,10,20,0.663471664914006,0.610901825359162,0.691592775580925,0.660691862130758,0.63325622928435,617,425
G50,A,20,40,0.569058410054773,0.540953212254629,0.597532475297112,0.571903850868606,0.57601210994265,1977,522
G50,A,40,80,0.477735159070121,0.458674170456795,0.4984017621954,0.480330846739697,0.488809649450458,5488,540
G50,A,80,160,0.450974253684677,0.437663917047371,0.465098397158187,0.452166274431578,0.453407656387392,11653,555
G50,B,0,5,0.826481678476459,0.730462930181984,0.898745135121443,0.77881905424746,0.693848214623433,64,104
G50,B,5,10,0.793741401513973,0.72765995623645,0.853300516370106,0.786768483994554,0.740629758643754,202,236
G50,B,10,20,0.762722858756895,0.71103953876193,0.791213636558338,0.761619519173186,0.73559542674591,606,416
G50,B,20,40,0.681046198626855,0.649672237607283,0.706036901874067,0.682788853769774,0.686815905919838,2031,525
G50,B,40,80,0.570769911602868,0.543229510295234,0.599432660190687,0.574276796825304,0.584024094600477,5517,546
G50,B,80,160,0.505357516269159,0.486720261042775,0.525628214778129,0.505371134180025,0.507233634888991,11580,555
