model,D1_misfit,D2_rms,combined
G50,0.11651167316127,0.0820074976693288,1.05309832301583
E15,0.302906082095689,0.0756008722650546,1.36182088684192
P9,0.413713917952232,0.0580620051391587,1.40804788729605
P3,0.129816906562894,0.120058310982782,1.46021692295361
P6,0.330189191199022,0.0809181813089042,1.46956019548708
E50,0.3041054089391,0.0870728836480022,1.47893965435822
G15,0.461161106513541,0.0703721657125037,1.62604387015212
H,0.991299683389588,0.246012617394414,4.44272554072331
A,0.991727942826413,0.261207084314182,4.59552672879465
