sensor,band_Hz,model,coda_level_log10,coda_decay_per_s,S_width_ms
A,20-40,data,-1.03034526524759,23.6651956894064,19.4327305480686
A,20-40,H,-1.38320754767176,58.3548094966487,18.0203856966361
A,20-40,L,-1.36422594107836,57.108400057422,18.3001887090428
A,20-40,A,-1.3712996775734,58.7644867987669,18.1199951138333
A,20-40,P1,-1.34171528980132,54.7911449049486,18.2795710598454
A,20-40,P3,-1.24186751787651,46.2903282708483,18.7219134758676
A,20-40,P6,-1.11761119657914,38.8421542463072,19.2833377557984
A,20-40,P9,-0.959499363366859,32.5739222706886,20.0889601341902
A,20-40,E15,-1.09065349365927,36.410442450944,19.3076479196746
A,20-40,E50,-0.99789947007742,32.1522849014597,19.7301685854361
A,20-40,G15,-1.15875677316671,35.8771438206889,18.8387220844739
A,20-40,G50,-0.960972022413158,33.7789473521844,20.2711133105781
A,40-80,data,-1.18970963697115,20.67865195374,17.3563650829291
A,40-80,H,-2.59691474819065,48.7874296473124,10.7304466052016
A,40-80,L,-2.58537208028252,43.9560946077625,10.8485391963023
A,40-80,A,-2.57015025799818,45.5743714092672,11.335666154361
A,40-80,P1,-1.99095085548665,40.1614081540241,12.4314574156441
A,40-80,P3,-1.27426560527424,39.9465633067454,16.8451082600407
A,40-80,P6,-0.95894358486931,35.9178953494175,20.0024174957137
A,40-80,P9,-0.742562859046619,28.3192416519411,21.6201304633134
A,40-80,E15,-0.945854086258305,31.0151825395627,19.8934970748517
A,40-80,E50,-0.879108771775403,31.4920585572933,20.884664266179
A,40-80,G15,-0.883542731904788,30.5620510911544,19.6026774440456
A,40-80,G50,-0.970787931796788,30.5930638284498,20.5821484919516
B,20-40,data,-0.285062751886277,4.6515418749801,23.2288888777186
B,20-40,H,-1.06210983584779,21.2841014275925,19.7154230434897
B,20-40,L,-0.965957574334907,19.9480298583598,20.6153085117378
B,20-40,A,-0.928455262481222,16.7575818319456,20.6557605764148
B,20-40,P1,-1.03070753713103,18.9452194565096,19.93175087024
B,20-40,P3,-0.97088855609084,18.1277251970977,20.2903459809626
B,20-40,P6,-0.880619531613234,16.7005693706951,20.7391992925286
B,20-40,P9,-0.773921878096655,14.2276664968523,21.4183767961449
B,20-40,E15,-0.779140040023885,14.4471606880842,21.380234678242
B,20-40,E50,-0.815951553369146,15.3948856842304,21.5503284676404
B,20-40,G15,-0.782771600487024,15.5209906030829,21.1599416649581
B,20-40,G50,-0.688948895022455,15.0243332913584,22.5629330565169
B,40-80,data,-1.78166741786082,34.4865804150864,16.0654612514235
B,40-80,H,-2.64676586702948,50.6635323962202,12.0485049678247
B,40-80,L,-2.47086841592569,45.9167259492971,13.3877073445403
B,40-80,A,-2.56923121135923,45.704681014479,13.0862960346482
B,40-80,P1,-2.08533876796827,43.4329334277031,13.0676670736461
B,40-80,P3,-1.65459795883059,39.1411680968382,14.4876611296052
B,40-80,P6,-1.40550051551147,33.5941630735513,15.6894558143014
B,40-80,P9,-1.17052345274859,26.2055817905127,16.6580861333802
B,40-80,E15,-1.23012601621754,30.2714714814766,16.9728256546647
B,40-80,E50,-1.3961340131036,34.7279409200792,15.7804579835989
B,40-80,G15,-1.0940364188029,30.0443036819808,17.6650685678587
B,40-80,G50,-1.42681617511777,41.7472131082996,16.8092285873849
