model,subset,n,med_log10_pred_obs_A,med_log10_pred_obs_B
A,all,416,-1.91226009496468,-1.18876012985892
A,within10ms,250,-1.70100425997985,-1.167477244089
A,within5ms,168,-1.61922899463998,-1.20374735953666
E15,all,416,0.283932218391473,0.941914531750245
E15,within10ms,250,0.386999107064994,0.984458039442968
E15,within5ms,168,0.400015238445499,0.946205452949161
E15b,all,416,0.402325602254813,0.64458822838381
E15b,within10ms,250,0.599637443230344,0.690394720535184
E15b,within5ms,168,0.723012994251375,0.671459723922976
E50,all,416,0.305341136552026,0.706004771655708
E50,within10ms,250,0.445646331937065,0.722515860297382
E50,within5ms,168,0.520546479287379,0.675375599720287
FZ,all,416,-1.04066639485516,-0.388464597209265
FZ,within10ms,250,-0.884692473338317,-0.352249830437472
FZ,within5ms,168,-0.874488815706388,-0.423998128640153
G15,all,416,0.424235081139119,1.11607400897932
G15,within10ms,250,0.636244795287536,1.12442225485772
G15,within5ms,168,0.697481801378668,1.09058375261051
G50,all,416,0.293496574784756,0.540918748199862
G50,within10ms,250,0.506453672597673,0.528242859998271
G50,within5ms,168,0.522588223792596,0.528242859998271
G50b,all,416,0.359186493568235,-0.582285032096223
G50b,within10ms,250,0.816854925584124,-0.463468558099702
G50b,within5ms,168,1.00665881824493,-0.455562809234399
GRAD3,all,416,-1.67015841905662,-1.10999647343941
GRAD3,within10ms,250,-1.52229267210986,-1.03581269011558
GRAD3,within5ms,168,-1.40578314278782,-1.0457747287339
H,all,416,-1.79620183096924,-1.09028778826592
H,within10ms,250,-1.63637665714174,-0.975752379972306
H,within5ms,168,-1.57972708456669,-0.978329246625661
L,all,416,-1.64090383653267,-1.17208219222836
L,within10ms,250,-1.4180727921991,-1.14480142009854
L,within5ms,168,-1.35109342332717,-1.13066171819464
L6,all,416,-1.28046204754359,-0.526068757507567
L6,within10ms,250,-1.10058315064815,-0.525977969590585
L6,within5ms,168,-1.0421842759665,-0.549044603171465
P1,all,416,-0.735941132977223,0.0160158188644288
P1,within10ms,250,-0.463959667173085,0.0779994614255521
P1,within5ms,168,-0.35976197718797,0.0509105237355315
P11,all,416,0.76594865861359,1.06226311136096
P11,within10ms,250,1.00620686054375,1.07274534435288
P11,within5ms,168,1.00620686054375,1.02358116345069
P2,all,416,-0.7304032683807,-0.033404764167833
P2,within10ms,250,-0.561470762466571,-0.0121956241373392
P2,within5ms,168,-0.511528568107908,-0.00778822791117607
P3,all,416,-0.143701513840973,0.527327592716422
P3,within10ms,250,0.0236269309030144,0.527327592716422
P3,within5ms,168,0.0790880297639953,0.507207094802921
P4,all,416,-1.20349402517231,-0.494579878153692
P4,within10ms,250,-0.993397281594445,-0.443412721812945
P4,within5ms,168,-0.918870047177382,-0.472373845622149
P5,all,416,-0.738219975939113,-0.0101415120049645
P5,within10ms,250,-0.517028592679036,0.046315348796142
P5,within5ms,168,-0.434267241060047,-0.0123865708149092
P6,all,416,0.31069733705452,0.776254587124982
P6,within10ms,250,0.378887892105158,0.805113577894773
P6,within5ms,168,0.402415408904035,0.796282264100326
P8,all,416,-0.0579001085612647,0.500185177307832
P8,within10ms,250,0.107315497338741,0.50699593448492
P8,within5ms,168,0.148530673280213,0.50118893994993
P9,all,416,0.606695074339333,1.02806969973732
P9,within10ms,250,0.803696841752506,1.08337072968201
P9,within5ms,168,0.867009080346189,1.03202528753198
R1,all,416,-0.650520662751524,-0.0804023584411781
R1,within10ms,250,-0.380715291639521,0.00389616115801791
R1,within5ms,168,-0.266386458637607,-0.057994287726991
R2,all,416,-0.719164120910369,-0.0407105099375968
R2,within10ms,250,-0.413213158263123,0.0317292245985299
R2,within5ms,168,-0.382842759799212,-0.0309159428533087
R3,all,416,-0.228955172685044,0.235874713338154
R3,within10ms,250,-0.00867614905175274,0.290532023178398
R3,within5ms,168,0.0101322032483392,0.271927926608439
R5,all,416,0.821876969681529,0.680803183598419
R5,within10ms,250,1.10733709627803,0.731563860502007
R5,within5ms,168,1.21428383582437,0.721333498894804
R6,all,416,0.259851018946152,0.403390019586736
R6,within10ms,250,0.450436413985319,0.481320798214947
R6,within5ms,168,0.465455096192892,0.468565035682529
T1,all,416,-0.891457332568736,-0.3384927394451
T1,within10ms,250,-0.644214060350876,-0.378634180788825
T1,within5ms,168,-0.584400232984962,-0.40871884949133
VSD,all,416,-0.132637765377695,0.536630444175141
VSD,within10ms,250,-0.00396004445679664,0.58957953109559
VSD,within5ms,168,0.00160387819303968,0.521394502576908
VSO,all,416,0.315756706889528,0.793934087478134
VSO,within10ms,250,0.424974045755278,0.795403602829179
VSO,within5ms,168,0.515475868086833,0.795403602829179
X_exp_0.09_15_11,all,416,-0.070700487694578,0.60860950134648
X_exp_0.09_15_11,within10ms,250,0.0864782285509028,0.619417425291508
X_exp_0.09_15_11,within5ms,168,0.112553135135265,0.573860392266048
X_exp_0.09_15_33,all,416,-0.00101038128930658,0.400804396805553
X_exp_0.09_15_33,within10ms,250,0.294856667586713,0.430142028957673
X_exp_0.09_15_33,within5ms,168,0.332004272830282,0.363330969283233
X_exp_0.09_50_11,all,416,-0.155346558343794,0.386011518988863
X_exp_0.09_50_11,within10ms,250,-0.0185396456469647,0.392483805316277
X_exp_0.09_50_11,within5ms,168,0.0516050012798808,0.365047113799709
X_exp_0.09_50_33,all,416,-0.247361501715706,-0.0614321053845268
X_exp_0.09_50_33,within10ms,250,0.019619062291125,0.0179882427179243
X_exp_0.09_50_33,within5ms,168,0.0882384924078475,-0.0432180711639079
X_exp_0.13_50_33,all,416,0.447125314580125,0.179937651085321
X_exp_0.13_50_33,within10ms,250,0.931628026806088,0.316563868327311
X_exp_0.13_50_33,within5ms,168,1.00792302611011,0.284133035190813
X_exp_0.18_15_11,all,416,0.695587079054017,1.25623008830561
X_exp_0.18_15_11,within10ms,250,0.852634515025531,1.27556407487954
X_exp_0.18_15_11,within5ms,168,0.928340411514223,1.26063304621355
X_exp_0.18_15_33,all,416,0.841696051986339,0.858173929733635
X_exp_0.18_15_33,within10ms,250,1.11125152479794,0.976201540663889
X_exp_0.18_15_33,within5ms,168,1.167496485902,0.969982064941358
X_exp_0.18_50_11,all,416,0.807864305470576,1.24488603241676
X_exp_0.18_50_11,within10ms,250,1.00712716385319,1.28050642987702
X_exp_0.18_50_11,within5ms,168,1.01090739840037,1.24488603241676
X_exp_0.18_50_33,all,416,1.16158264808133,0.567320277578835
X_exp_0.18_50_33,within10ms,250,1.47714468868659,0.743344665811816
X_exp_0.18_50_33,within5ms,168,1.71731113517742,0.751838456174655
X_gau_0.09_15_11,all,416,0.136482539175172,0.7903870006165
X_gau_0.09_15_11,within10ms,250,0.342447076329417,0.813658327507727
X_gau_0.09_15_11,within5ms,168,0.419829481132351,0.788528751258204
X_gau_0.09_15_33,all,416,0.227040624334706,0.615491960312035
X_gau_0.09_15_33,within10ms,250,0.412848846513812,0.683504126059066
X_gau_0.09_15_33,within5ms,168,0.461604367666313,0.58365503608381
X_gau_0.09_50_11,all,416,-0.447342862722054,-0.349144053622426
X_gau_0.09_50_11,within10ms,250,-0.206035490780555,-0.378937597266726
X_gau_0.09_50_11,within5ms,168,-0.146791279867858,-0.505973999117957
X_gau_0.09_50_33,all,416,-0.501484367798269,-0.803187155338988
X_gau_0.09_50_33,within10ms,250,0.0124884397117483,-0.732068919021594
X_gau_0.09_50_33,within5ms,168,0.125728322948444,-0.764868445736621
X_gau_0.13_15_33,all,416,0.558961160861024,0.886675795485547
X_gau_0.13_15_33,within10ms,250,0.768269839570222,0.914903645278543
X_gau_0.13_15_33,within5ms,168,0.845423706512167,0.894365897361796
X_gau_0.18_15_11,all,416,0.721629571110177,1.37222416083588
X_gau_0.18_15_11,within10ms,250,0.797620839531666,1.42447180715397
X_gau_0.18_15_11,within5ms,168,0.828788593348357,1.41370020639749
X_gau_0.18_15_33,all,416,0.909463811984952,1.18602171854752
X_gau_0.18_15_33,within10ms,250,1.0774880319329,1.24236325351081
X_gau_0.18_15_33,within5ms,168,1.19448898196521,1.1966365216826
X_gau_0.18_50_11,all,416,0.848312899418389,1.48201785374702
X_gau_0.18_50_11,within10ms,250,1.01656823485061,1.50126143323961
X_gau_0.18_50_11,within5ms,168,1.12093090505077,1.55322864233466
X_gau_0.18_50_33,all,416,1.05268358119219,-0.0848589968891071
X_gau_0.18_50_33,within10ms,250,1.39892819389076,0.0195622226918555
X_gau_0.18_50_33,within5ms,168,1.47501107802361,0.0718680432229022
X_pink_0.09_1.8_33,all,416,-0.18628693924003,0.0608302560799634
X_pink_0.09_1.8_33,within10ms,250,0.0283980320960713,0.135657872769039
X_pink_0.09_1.8_33,within5ms,168,0.0733051457555905,0.103664575086372
X_pink_0.13_1.8_11,all,416,0.338431990756861,0.763132984131425
X_pink_0.13_1.8_11,within10ms,250,0.541021230438287,0.772079920680173
X_pink_0.13_1.8_11,within5ms,168,0.559603338422905,0.737447033513571
X_pink_0.13_1.8_33,all,416,0.428382344731549,0.290123731610613
X_pink_0.13_1.8_33,within10ms,250,0.779988174642158,0.402475268612385
X_pink_0.13_1.8_33,within5ms,168,0.849549645182596,0.387841863592221
X_pink_0.18_1.8_33,all,416,1.04260912213567,0.636715779039233
X_pink_0.18_1.8_33,within10ms,250,1.49028190121768,0.736383343220483
X_pink_0.18_1.8_33,within5ms,168,1.56660869855501,0.747641631986865
