model,family,sigma,shape,PHI,PHI_lo95,PHI_hi95
X_exp_0.13_50_33,exp50,0.13,50,0.245590087717681,0.236778263297597,0.29710693693586
X_pink_0.13_1.8_33,pink,0.13,1.8,0.291477788981,0.273193732852517,0.339336708945796
X_exp_0.09_50_11,exp50,0.09,50,0.370542374148041,0.346874398816536,0.432429335797183
P8,pink,0.09,1.8,0.397208982939492,0.377359190260494,0.451231032015952
R6,pink,0.13,1.5,0.400374069470974,0.370189303996967,0.459466504864901
G50,gau50,0.13,50,0.401851409074749,0.376760769195145,0.459301019763162
E15b,exp15,0.13,15,0.417750912078406,0.393597177559187,0.466646021213032
X_pink_0.13_1.8_11,pink,0.13,1.8,0.455231432450811,0.428950061041366,0.512169554369052
E50,exp50,0.13,50,0.458823912779526,0.430544860507196,0.516375265840531
VSD,pink-VpVs,0.13,1.5,0.467537813850049,0.436828025409608,0.529323415737169
P3,pink,0.09,1.5,0.469061922891011,0.439674511856409,0.522203266652592
VSO,pink-VpVs,0.13,1.5,0.476446884674088,0.456861136372782,0.531273815191939
P6,pink,0.13,1.5,0.48307231852364,0.460303222910505,0.535626217222539
X_exp_0.09_15_11,exp15,0.09,15,0.496259107302752,0.465707812756947,0.54133259924061
R5,pink,0.18,1.5,0.521633123670503,0.4801953124955,0.581443608347956
G50b,gau50,0.13,50,0.523099323642397,0.492897740497175,0.591124473067696
X_gau_0.09_50_11,gau50,0.09,50,0.53536810243898,0.491307628447818,0.60981836512741
E15,exp15,0.13,15,0.550790795078613,0.521998683626501,0.597907902045751
X_gau_0.09_15_11,gau15,0.09,15,0.569306921515935,0.539000948520239,0.617474641048901
X_gau_0.13_15_33,gau15,0.13,15,0.572125350473561,0.541496855731768,0.619252117480883
X_exp_0.09_15_33,exp15,0.09,15,0.576835499477389,0.534706613901396,0.645458458658872
X_gau_0.09_15_33,gau15,0.09,15,0.598388407867281,0.559349274763348,0.66474174467939
X_exp_0.09_50_33,exp50,0.09,50,0.607872218817561,0.551891002443426,0.679755042468828
X_pink_0.09_1.8_33,pink,0.09,1.8,0.608566039637852,0.559250941505032,0.677924532522801
R3,pink,0.09,1.5,0.613027677615483,0.56989773062528,0.673291584441429
X_exp_0.18_15_33,exp15,0.18,15,0.627285745358331,0.578588474943912,0.68999359828441
P9,pink,0.18,1.5,0.639571257565074,0.604779863747685,0.697367216723349
X_gau_0.18_50_33,gau50,0.18,50,0.646401145391098,0.59012114222882,0.725719756574524
X_pink_0.18_1.8_33,pink,0.18,1.8,0.647061419803941,0.596720178546354,0.711963205988574
G15,gau15,0.13,15,0.652109752513084,0.621126463555454,0.704901115275409
X_exp_0.18_50_33,exp50,0.18,50,0.679074347403573,0.625812531833179,0.745586524730703
P11,pink,0.18,1.8,0.732339714617208,0.683888212802884,0.796757691106885
X_exp_0.18_15_11,exp15,0.18,15,0.732818642125612,0.690654605085949,0.801917237961934
X_gau_0.18_50_11,gau50,0.18,50,0.733117811105053,0.684577625173236,0.803791997100899
X_gau_0.18_15_33,gau15,0.18,15,0.74533374879429,0.706322045194796,0.80164704409761
X_gau_0.18_15_11,gau15,0.18,15,0.756767233287426,0.734719527226107,0.816633341686936
X_exp_0.18_50_11,exp50,0.18,50,0.760650927292802,0.719311679579973,0.824598885998512
X_gau_0.09_50_33,gau50,0.09,50,0.863414593058932,0.814471062539884,0.938623365200975
L6,deterministic,NaN,NaN,1.01377521802917,0.962021156351491,1.08809522739713
FZ,deterministic,NaN,NaN,1.16457572099829,1.11267619501958,1.22736487875928
L,smooth,NaN,NaN,1.32812924066344,1.26330991428652,1.40319047738619
A,smooth,NaN,NaN,1.35595110350787,1.29346112935119,1.42546904691155
GRAD3,smooth,NaN,NaN,1.4587918373704,1.40265023910252,1.52594339909688
H,smooth,NaN,NaN,1.46600366637837,1.40597531993657,1.53171331014569
