sensor,fc_Hz,n,coda_level_med,cl_q25,cl_q75,decay_per_s_med,Qc_inv_med,qi_q25,qi_q75,S_width_ms
A,25,375,-0.553179221422608,-0.640812327828759,-0.405666685175739,35.6743342402373,0.159541731024392,0.0793626850301592,0.225455571759003,16.6432903509255
A,50,463,-0.972888579892177,-1.24725771628671,-0.672448591158237,29.2123943696971,0.0579952791993838,0.0297672019186576,0.0885205946350448,14.4245197929236
A,100,536,-1.0829686802093,-1.45205412444818,-0.788467000231679,23.406748818034,0.0201831558143378,0.00664258536461053,0.0307392165806966,10.8626818028299
A,200,545,-1.32307498320915,-1.62146067783629,-1.02927047605764,18.6282073505001,0.00600914574863907,0.00079756507952092,0.0117183340166657,8.47298401064995
A,400,550,-1.24163101080126,-1.49653889036181,-1.03785473608343,22.8924108731427,0.00495621945751897,0.00269512264492428,0.00693891999223365,9.71567145832061
A,800,550,-1.17091287215664,-1.38056094310166,-0.955773300250085,23.4849431664651,0.00250442132328063,0.00131343502050298,0.00368023719204392,10.6997984639183
A,1304,550,-1.01854450212776,-1.24734235843743,-0.806511059455683,23.835319441484,0.0016007954813994,0.000899765026794428,0.00245964413046231,11.7581868190592
B,25,425,-0.15822481583584,-0.343814672171643,-0.0235684574049662,5.19605284086117,-0.0378185038833998,-0.0488254114815144,0.00645058635984687,16.7765024079822
B,50,403,-1.26747750426843,-1.51478984187552,-0.965152547031631,39.747505880482,0.0849172552493309,0.0283507157985636,0.129739123309781,14.4569553762072
B,100,477,-1.58495426957111,-1.96921721881983,-1.20588062398624,31.958358850769,0.030086071645311,0.0150783470968807,0.0437143586485544,10.9699255096451
B,200,505,-1.5174238814864,-1.91754756575794,-1.20610315623455,28.0299095234518,0.01179492640858,0.00764766937697407,0.0162082321471317,9.53804218769612
B,400,532,-1.05728122945694,-1.23340934548911,-0.884175178083091,31.5285983267543,0.0074890199075812,0.00508749486080084,0.0103319749778022,11.5507947570169
B,800,533,-1.22625443033326,-1.47027158643008,-0.99063582208175,27.9800338740916,0.00305973099517637,0.00153383215661748,0.00458311724774067,11.4546830323489
B,1304,533,-1.26271680223686,-1.48783396053081,-1.03425782041948,26.1916431573163,0.00170162076298259,0.0010382652970208,0.00234556111769188,11.5707984427142
