sensor,event,Mw,R_m,fc_apparent_Hz,disp_slope_30_150
A,22,0.51,366.163614374816,67.3828125,-1.69269454086602
A,32,0.34,469.541417562973,97.65625,-1.0312534794312
A,35,0.32,483.122361523092,122.0703125,-0.682530372424085
A,36,0.3,322.196142444335,76.171875,-1.50180369001351
A,38,0.29,361.194330455764,83.984375,-1.62796948268503
A,44,0.24,345.270594686811,78.125,-1.4188905659812
A,45,0.23,374.298952803542,86.9140625,-1.24789177516228
A,47,0.21,479.648903307943,136.71875,-0.461110576211045
A,48,0.2,491.515408052489,123.046875,-0.482257523975014
A,52,0.18,360.59495558371,50.78125,-1.38780930975619
A,57,0.17,347.239511446602,58.59375,-2.12694671976103
A,59,0.14,369.414122102645,120.1171875,-0.641374701053225
A,60,0.14,399.376819599146,52.734375,-0.580893567863703
A,62,0.12,471.584587979903,122.0703125,-0.632662295237582
A,64,0.11,453.291266479371,177.734375,-0.369245826346469
A,67,0.1,360.323697134073,69.3359375,-1.62711189108726
A,68,0.1,339.063355743233,69.3359375,-1.5562962701904
A,69,0.09,470.833469830319,174.8046875,-0.31257099778411
A,70,0.09,357.952105781087,138.671875,-0.405182340001857
A,71,0.09,362.616641977006,123.046875,-0.694118147286595
A,72,0.09,367.14055377932,141.6015625,-0.3944251323225
A,73,0.09,384.998036159768,90.8203125,-1.64437943094643
A,74,0.08,398.972743304097,50.78125,-0.74894264054131
A,76,0.06,397.132477055489,125,-0.638097173814949
A,79,0.04,472.482466406267,123.046875,-0.526351755379716
A,81,0.04,466.614784302363,125,-0.694255505873347
A,82,0.03,372.445371098087,50.78125,-0.63594745383629
A,83,0.02,454.152737691443,99.609375,-0.728473532242361
A,84,0.02,342.134596616147,63.4765625,-1.88660493380453
A,85,0.01,431.11896919403,112.3046875,-1.14682882323599
A,86,0,474.24882062554,177.734375,-0.325001320486596
A,87,0,374.196600106727,83.984375,-1.16268653669995
A,88,0,339.575601607755,50.78125,-1.62994525154185
A,89,-0.01,395.912897648861,58.59375,-0.625070013076913
A,90,-0.02,350.045729900891,144.53125,-0.226490811233981
A,91,-0.02,342.452184139614,62.5,-2.34555881172157
A,92,-0.03,483.360005088634,156.25,-0.0822128906061531
A,93,-0.03,363.41126099959,68.359375,-1.95638765196034
A,95,-0.04,367.843894827095,81.0546875,-1.57382074137437
A,96,-0.04,388.191231149674,50.78125,-1.46371541725608
A,98,-0.05,400.266445542764,58.59375,-0.692008662424609
A,100,-0.05,561.240394804745,184.5703125,-0.133542298639243
A,101,-0.06,366.894198618991,101.5625,-1.57269228433708
A,103,-0.07,348.943029162425,50.78125,-0.443419236559953
A,104,-0.07,349.114018785957,127.9296875,-0.47421335367792
A,105,-0.07,470.634674009527,189.453125,0.904577967275045
A,106,-0.07,364.709846357999,50.78125,-2.06757100406945
A,108,-0.08,494.053853097111,125.9765625,-0.636940020495944
A,109,-0.08,494.491775845705,179.6875,0.262013191722046
A,110,-0.08,400.449628502555,136.71875,-0.543417504550601
A,111,-0.08,337.867285413748,63.4765625,-2.11601590588449
A,112,-0.08,360.455550504632,50.78125,-0.809281785150426
A,114,-0.09,345.376835457268,125,-0.700721669102414
A,115,-0.09,449.845599966813,144.53125,-0.424968550799276
A,116,-0.09,374.526053633328,94.7265625,-1.49435253152869
A,117,-0.09,344.953670526176,84.9609375,-1.55579109901746
A,118,-0.1,378.13365130966,59.5703125,-1.60917544051085
A,120,-0.11,455.286229061883,54.6875,-0.778087633634265
A,121,-0.11,451.73571901582,54.6875,-0.783865601927067
A,122,-0.11,399.843555961082,50.78125,-1.09145980084613
A,123,-0.11,362.683526645579,50.78125,-0.359861521353991
A,124,-0.11,487.691571105922,131.8359375,-2.08581336370552
A,125,-0.11,394.767404909556,141.6015625,-0.421441159959647
A,127,-0.12,372.669515146243,113.28125,-0.810505894564796
A,128,-0.12,400.267114508067,50.78125,-1.09157028747837
A,129,-0.12,484.967543813033,134.765625,-0.492038748085861
A,130,-0.12,367.610743633756,141.6015625,-0.353693257695361
A,131,-0.12,494.530939146083,158.203125,0.150064066110798
A,133,-0.12,507.039775116763,173.828125,0.234730943344744
A,134,-0.13,380.268469886628,59.5703125,-1.02603836082503
A,135,-0.13,486.06224518962,106.4453125,-0.839846426607687
A,136,-0.13,427.585686557888,118.1640625,-0.81480591722904
A,137,-0.13,347.342421227279,73.2421875,-1.83250098757362
A,138,-0.13,362.805672191748,99.609375,-1.28197479669676
A,139,-0.13,346.736733602628,54.6875,-1.87382639401992
A,140,-0.13,376.973881993757,141.6015625,-0.00225889137978053
A,141,-0.14,491.012901936867,70.3125,-0.938911854875193
A,142,-0.14,445.615815907371,164.0625,0.7060049031534
A,143,-0.14,358.105449303652,128.90625,-0.597307995493342
A,144,-0.14,348.880841655838,90.8203125,-1.85513275585542
A,145,-0.14,351.486006459983,90.8203125,-1.91234339282596
A,146,-0.14,345.086907352038,169.921875,0.0210460719789026
A,150,-0.16,387.336864356277,66.40625,-0.75763730888906
A,151,-0.16,378.152588347945,62.5,-2.10048194448724
A,152,-0.16,359.845558991824,60.546875,-2.29343612872747
A,153,-0.16,358.934319830846,96.6796875,-1.38288988296356
A,158,-0.17,528.181430842313,231.4453125,0.0200559940737852
A,159,-0.17,349.083815696862,50.78125,-0.634336375114827
A,160,-0.17,403.849225094212,125.9765625,-0.724755241138469
A,161,-0.17,418.750100626657,66.40625,-1.17213135769778
A,162,-0.17,512.494985320634,90.8203125,-0.833682543621539
A,163,-0.17,469.465842287911,111.328125,-0.803029197963029
A,164,-0.17,386.344814374508,50.78125,-1.30451583904114
A,165,-0.17,356.262003586243,52.734375,-1.7568757082343
A,166,-0.18,393.875685287357,208.0078125,-0.472411589205911
A,167,-0.18,478.416538078485,145.5078125,-0.308394887112481
A,168,-0.18,372.353188117834,117.1875,-0.747129344858093
A,169,-0.18,409.929481609249,68.359375,-1.78045559777694
A,170,-0.18,377.759417887555,87.890625,-1.53408337434304
A,171,-0.18,500.761224827031,87.890625,-0.937380407940405
A,173,-0.19,358.466608233144,250.9765625,0.36845720760706
A,174,-0.19,444.37216154065,179.6875,0.196338755496063
A,175,-0.2,389.395827705595,177.734375,-0.288250729423062
A,177,-0.2,393.428088821174,184.5703125,0.461598549856278
A,178,-0.2,419.692357316565,131.8359375,-0.402203502128609
A,179,-0.2,438.18481659901,95.703125,-1.45328532682677
A,180,-0.2,335.549855954073,129.8828125,-0.630351348569516
A,181,-0.21,431.429937685352,123.046875,-1.02542295956612
A,182,-0.21,434.079013371714,74.21875,-0.576432765625195
A,184,-0.21,477.290373478831,90.8203125,-0.98972115509121
A,185,-0.21,362.14206602916,90.8203125,-1.34983533223855
A,186,-0.21,361.118357131363,135.7421875,-0.502923272271085
A,190,-0.22,345.467678599459,137.6953125,-0.26671605955946
A,191,-0.22,483.317409298194,96.6796875,-0.922289316581956
A,192,-0.22,454.978654754438,84.9609375,-1.35666889981959
A,193,-0.23,489.012811124574,185.546875,-0.381861050127984
A,194,-0.23,393.608862947595,122.0703125,-0.623790416083873
A,195,-0.23,353.908008942728,50.78125,-0.996767574414153
A,196,-0.23,400.486765294244,104.4921875,-1.03825058065701
A,197,-0.23,377.197605609081,93.75,-1.48747831465399
A,199,-0.24,485.11401330221,177.734375,0.100577302844657
A,201,-0.24,389.390186254231,141.6015625,-0.522188152904219
A,202,-0.24,362.081442053052,97.65625,-1.46927227685257
A,203,-0.24,345.419517092236,69.3359375,-1.55239748328896
A,204,-0.24,356.827390114366,64.453125,-1.93164650904613
A,205,-0.25,393.837555470908,201.171875,-0.188919246339182
A,206,-0.25,391.775818488854,68.359375,-0.818081466801789
A,207,-0.25,464.460527751749,123.046875,-0.652767080830618
A,208,-0.25,373.060513156288,67.3828125,-1.54430103755624
A,209,-0.25,440.995513271398,99.609375,-1.00425986942723
A,210,-0.25,374.320463584281,91.796875,-1.59812483667991
A,211,-0.25,501.13867724345,94.7265625,-0.725041379564489
A,212,-0.25,363.726459160261,102.5390625,-1.22883251276204
A,214,-0.25,468.706267639094,187.5,0.320759053023782
A,215,-0.25,342.909980328932,202.1484375,0.649413639053685
A,216,-0.25,330.075674979856,157.2265625,-0.0617713403161578
A,217,-0.26,396.119628615544,209.9609375,-0.115321167263737
A,218,-0.26,365.440247299537,50.78125,-0.858310545061912
A,219,-0.26,365.092888284337,160.15625,0.111651420451432
A,220,-0.26,417.125579447656,138.671875,-0.364991505907714
A,221,-0.26,416.945310529202,87.890625,-2.09115015887964
A,222,-0.26,366.080463061073,86.9140625,-1.91466671039411
A,223,-0.26,443.449645081076,125,-0.701788183175589
A,224,-0.26,342.481809955478,107.421875,-1.24755190048565
A,225,-0.26,361.511932528507,50.78125,-0.229527489939363
A,227,-0.27,394.339971788233,125.9765625,-0.547766054729447
A,228,-0.27,421.091952879834,88.8671875,-0.833992168144817
A,229,-0.27,469.417936705107,76.171875,-0.930189643767375
A,230,-0.27,378.677535768523,93.75,-1.52126340355007
A,231,-0.27,379.244591507794,96.6796875,-1.37663632982501
A,232,-0.27,430.337001886144,133.7890625,-0.427517482877196
A,233,-0.28,398.381105567784,66.40625,-0.520903291682816
A,234,-0.28,386.621733288949,55.6640625,-0.953556480746697
A,235,-0.28,456.973374181369,154.296875,0.13447941802626
A,236,-0.28,427.251032061445,85.9375,-1.78106202031131
A,237,-0.28,384.760320873505,73.2421875,-1.95432428705758
A,238,-0.28,345.77407043593,142.578125,-0.313204729927215
A,239,-0.28,346.304350820891,110.3515625,-0.627059963409443
A,241,-0.29,392.738038283662,180.6640625,-0.378661995681051
A,242,-0.29,481.587124818062,176.7578125,-0.0166847818674897
A,243,-0.29,496.973855085018,137.6953125,-0.571265478070661
A,245,-0.29,517.627755143964,149.4140625,-0.0252432660754913
A,246,-0.3,475.582292096376,146.484375,-0.248349550248696
A,247,-0.3,338.913213848902,136.71875,-0.44453198720434
A,248,-0.3,396.104203058582,203.125,0.26133997119346
A,249,-0.3,365.216609199836,93.75,-1.82477057671005
A,250,-0.3,476.775257128951,93.75,-1.39477375702542
A,251,-0.3,469.501100662307,69.3359375,-1.9899968820079
A,252,-0.3,356.144910109121,73.2421875,-1.51367362390988
A,255,-0.31,382.402239996178,67.3828125,-0.993530066934479
A,256,-0.31,354.384649975391,233.3984375,-0.0104226168857025
A,257,-0.31,346.050791799677,193.359375,-0.0882108721677584
A,259,-0.31,332.92543482897,90.8203125,-1.57432813445038
A,260,-0.31,357.21199952279,57.6171875,-0.967908258637709
A,262,-0.32,482.601348290675,140.625,-0.398880603289194
A,264,-0.32,477.045045685628,185.546875,0.0849523599728511
A,265,-0.32,373.698225351631,179.6875,0.340997384461845
A,266,-0.32,371.467132860845,54.6875,-0.966196415313364
A,267,-0.32,329.604880221676,54.6875,-2.42870860356063
A,268,-0.32,376.567279032703,84.9609375,-1.63773673038265
A,269,-0.32,384.521422278431,71.2890625,-1.37685751080417
A,270,-0.32,517.166791026058,91.796875,-0.742761668425503
A,272,-0.33,409.011039080071,147.4609375,-0.474837857301076
A,273,-0.33,428.430544363995,50.78125,0.370299648542682
A,274,-0.33,390.634763960369,175.78125,-0.200247329289657
A,275,-0.33,352.823509018149,54.6875,-0.873418222828534
A,276,-0.33,355.849725246785,58.59375,-0.00553329115508093
A,278,-0.33,475.949838500005,182.6171875,0.498960258229166
A,279,-0.33,361.947516611648,83.0078125,-1.65129550923919
A,280,-0.34,492.197080393473,156.25,0.179259800938043
A,281,-0.34,435.921522288531,141.6015625,-0.354162756541816
A,282,-0.34,393.405658171465,174.8046875,-0.272946970258811
A,283,-0.34,382.616779978018,163.0859375,0.399566339671414
A,284,-0.34,357.452631495171,56.640625,-0.444172621609632
A,285,-0.34,495.889075036175,180.6640625,0.41010323194161
A,286,-0.34,397.536422925263,89.84375,-1.78426621127449
A,287,-0.34,354.155590395257,134.765625,-0.494819826661383
A,291,-0.35,504.274970311768,114.2578125,-0.895315836573952
A,294,-0.35,375.804041114034,158.203125,-0.407159390701318
A,295,-0.35,398.487265795774,68.359375,-0.260422744346627
A,296,-0.35,393.066645335334,165.0390625,0.0960413315327069
A,297,-0.35,483.446628476682,176.7578125,0.167616599809261
A,298,-0.35,536.352861070679,214.84375,-0.00125499037328414
A,299,-0.35,478.001446967665,141.6015625,-0.38575100091569
A,300,-0.35,331.710975258396,76.171875,-2.03974413766188
A,303,-0.36,401.192123104464,189.453125,0.212442241999754
A,304,-0.36,394.679179449454,69.3359375,-0.386573629573542
A,305,-0.36,376.065509961796,146.484375,-0.404160864414496
A,306,-0.36,397.027986623252,198.2421875,0.434833267851028
A,307,-0.36,493.816647947772,139.6484375,-0.441691066378815
A,308,-0.36,380.442250311992,83.0078125,-1.71230417552113
A,309,-0.36,490.474409819174,137.6953125,-0.30969335354224
A,310,-0.36,345.779500446379,87.890625,-1.93043784007881
A,311,-0.37,394.845064173168,54.6875,-0.443356492196772
A,313,-0.37,352.014518441975,167.96875,0.415284538995449
A,314,-0.37,411.025912887905,186.5234375,0.342279421971244
A,315,-0.37,485.772678009821,75.1953125,-1.59019095101937
A,316,-0.37,405.777035357269,85.9375,-1.55542066946712
A,317,-0.37,485.400471865363,94.7265625,-1.020219256588
A,318,-0.37,410.207991813247,92.7734375,-1.61101527772413
A,319,-0.38,529.683199792727,53.7109375,-0.720730420982739
A,320,-0.38,376.742122735385,158.203125,-0.0295045894208927
A,321,-0.38,423.752864789347,155.2734375,0.186283894935278
A,322,-0.38,388.898878109361,178.7109375,0.150929997949446
A,323,-0.38,400.251800486701,158.203125,0.237873643611799
A,324,-0.38,353.345970063471,75.1953125,-1.38401511226624
A,325,-0.38,347.162245549323,66.40625,-1.70578706645195
A,326,-0.38,443.71871428282,85.9375,-1.97738590713195
A,327,-0.38,376.199341696802,83.984375,-1.53931862468243
A,328,-0.38,434.333420155534,90.8203125,-1.64911497696301
A,329,-0.38,327.727844723023,77.1484375,-2.43481766720534
A,330,-0.38,433.40308329999,139.6484375,-0.0995358325822683
A,331,-0.39,529.397702227403,50.78125,-1.35242182466416
A,332,-0.39,517.598158015458,53.7109375,-1.15434613386944
A,334,-0.39,393.84099640572,144.53125,0.0556080961907723
A,335,-0.39,482.373545401455,176.7578125,-0.00680298639884367
A,336,-0.39,369.287120862121,160.15625,0.227076102628247
A,337,-0.39,470.489087816361,190.4296875,0.207855833584838
A,338,-0.39,381.361823540654,NaN,0.860184788180902
A,339,-0.39,373.012750048566,159.1796875,-0.175898709671996
A,340,-0.39,360.166554359778,150.390625,0.045936285820193
A,342,-0.39,408.732219303039,87.890625,-2.22999713133348
A,343,-0.39,477.806298079087,112.3046875,-0.716351828817278
A,344,-0.39,342.745251044018,117.1875,-1.14382664394255
A,345,-0.39,515.864081157096,147.4609375,-0.155726797594153
A,348,-0.4,399.100414272298,NaN,1.25255875139073
A,349,-0.4,396.331932354524,161.1328125,0.29300118587688
A,350,-0.4,447.507255798356,183.59375,-0.125248537585139
A,351,-0.4,425.581607078419,91.796875,-1.51994691854459
A,352,-0.4,433.204913184645,138.671875,-0.330164641708473
A,358,-0.41,396.696617192781,70.3125,-0.799011956742375
A,359,-0.41,455.067068886985,176.7578125,0.265171780874397
A,360,-0.41,390.187200197273,99.609375,-1.31272251241425
A,361,-0.41,555.036159318429,88.8671875,-0.787659762299094
A,362,-0.41,363.785709183941,101.5625,-1.13696131850267
A,363,-0.41,490.541067959724,114.2578125,-0.660444979870294
A,365,-0.42,487.799368709483,50.78125,-1.27849084880013
A,367,-0.42,475.087713266021,166.015625,0.104943995878141
A,368,-0.42,479.586912601345,181.640625,0.0150266197180332
A,369,-0.42,480.862668225569,125,-0.771500911182878
A,370,-0.42,364.198966645229,104.4921875,-0.990950896681803
A,371,-0.42,381.743256863372,77.1484375,-1.70129071474047
A,372,-0.42,343.646893245631,89.84375,-1.71377549244371
A,377,-0.43,405.68688944821,155.2734375,0.0108956748882588
A,378,-0.43,383.346041110119,159.1796875,0.393322536865162
A,379,-0.43,395.851150472394,146.484375,0.21545646937909
A,380,-0.43,376.790343027974,210.9375,0.340456518286639
A,381,-0.43,357.869322651585,256.8359375,0.439839995027476
A,382,-0.43,370.936851693452,79.1015625,-1.49365571401159
A,383,-0.43,464.437972156431,97.65625,-1.24830300742872
A,384,-0.43,358.73090041985,90.8203125,-1.92766239238068
A,385,-0.43,353.539046654798,102.5390625,-1.43134835994262
A,386,-0.43,401.579447133039,186.5234375,0.307946256964634
A,389,-0.44,518.557612912325,245.1171875,-0.394864176041622
A,390,-0.44,526.53156577871,239.2578125,0.208929931677608
A,391,-0.44,481.432691012349,270.5078125,0.0406653751114671
A,394,-0.44,412.778874434383,160.15625,-0.225761047825382
A,395,-0.44,468.998581954015,168.9453125,0.193665208428965
A,396,-0.44,356.078158783987,159.1796875,0.00690786420058338
A,397,-0.44,394.39506648466,176.7578125,1.54112990579088
A,398,-0.44,366.482158959258,160.15625,0.613193563754598
A,399,-0.44,357.058906463468,160.15625,0.537414548959929
A,404,-0.45,515.524210590272,205.078125,-0.126431899226808
A,405,-0.45,399.882137294096,162.109375,0.725985335345248
A,406,-0.45,430.206302330757,185.546875,0.165521586332517
A,407,-0.45,399.757764139175,153.3203125,-0.137484077760194
A,408,-0.45,364.762309297425,161.1328125,0.237690366737262
A,409,-0.45,482.310460412625,183.59375,0.385095131209546
A,410,-0.45,410.338929320326,162.109375,0.0244769814370313
A,411,-0.45,492.540509222692,140.625,-0.49334902720711
A,412,-0.45,355.329610439714,279.296875,0.39802670875898
A,413,-0.45,377.090537705354,95.703125,-1.72105429570072
A,414,-0.45,419.87270949278,96.6796875,-1.45193759674156
A,417,-0.46,463.483112691674,131.8359375,-0.446981796545956
A,419,-0.46,391.906802897175,198.2421875,0.365284962627466
A,420,-0.46,381.278627394574,226.5625,0.0530457759599965
A,421,-0.46,361.841520302823,92.7734375,-1.47671738995807
A,422,-0.46,411.280280496199,84.9609375,-1.91877667386376
A,423,-0.46,452.490375453312,154.296875,0.338403297736566
A,424,-0.46,361.035840281597,156.25,0.578302292409529
A,425,-0.46,353.078810123558,193.359375,0.16888899884425
A,427,-0.46,359.083899602342,173.828125,0.323727049414153
A,430,-0.47,484.570485179323,129.8828125,-0.371231691345374
A,433,-0.47,432.8118242037,155.2734375,-0.138837708583805
A,434,-0.47,371.737951073126,175.78125,-0.210585253746644
A,435,-0.47,391.984570030692,73.2421875,-0.719031620015927
A,437,-0.47,494.231335933655,184.5703125,0.681406523064479
A,438,-0.47,379.229415100892,99.609375,-1.55883299625037
A,439,-0.47,416.447352836028,90.8203125,-1.24165713823775
A,440,-0.47,444.514200505919,214.84375,-1.0594433314891
A,441,-0.47,432.147693397481,131.8359375,-0.47103925190529
A,442,-0.48,524.701318938281,262.6953125,0.342222386948344
A,446,-0.48,397.984296988394,127.9296875,-0.574869116696228
A,447,-0.48,406.089731611228,154.296875,-0.151407515697342
A,448,-0.48,355.304986404862,154.296875,0.394261450684501
A,449,-0.48,386.61517127013,91.796875,-1.72753138655727
A,450,-0.48,473.224816978783,83.0078125,-1.14418469463162
A,451,-0.48,393.71367929764,96.6796875,-0.892712465038446
A,457,-0.49,524.419753441791,268.5546875,0.374314596153442
A,458,-0.49,413.702961513374,50.78125,NaN
A,459,-0.49,476.199602965456,194.3359375,0.518149849192478
A,460,-0.49,390.873261967068,60.546875,-0.854025000300326
A,461,-0.49,396.227580703014,194.3359375,1.42768222812706
A,462,-0.49,358.304378691383,156.25,0.191793568741885
A,463,-0.49,389.463612321853,173.828125,0.900366220508326
A,464,-0.49,408.562130283746,146.484375,-0.312937233409895
A,465,-0.49,471.854259542535,149.4140625,-0.21926720033278
A,466,-0.49,476.682116301257,98.6328125,-0.994748922522984
A,467,-0.49,403.043424467711,95.703125,-1.57534816846556
A,468,-0.49,330.88244814739,86.9140625,-1.72693976806699
A,469,-0.49,348.449600038568,69.3359375,-2.39185676939492
A,470,-0.49,347.130512558443,92.7734375,-2.55905412047178
A,472,-0.49,467.250591796208,139.6484375,-0.0931508540024055
A,473,-0.49,357.593417056515,144.53125,-0.115642915186866
A,474,-0.49,344.588527532584,162.109375,-0.055519999345709
A,475,-0.49,402.683490230276,203.125,0.0670632957205241
A,478,-0.5,526.933470857564,102.5390625,-0.600159279873551
A,479,-0.5,452.318047146508,135.7421875,-0.580074142839829
A,480,-0.5,461.696849614991,50.78125,0.114198794098878
A,486,-0.5,429.238487733978,152.34375,-0.248242677996934
A,487,-0.5,395.635479229538,68.359375,0.0713171301260938
A,488,-0.5,417.188769079646,170.8984375,-0.420054920025638
A,489,-0.5,366.28773686132,50.78125,-0.680597331686309
A,490,-0.5,394.519336988537,208.0078125,0.297065127255424
A,491,-0.5,418.598029470383,156.25,0.253144014010898
A,492,-0.5,365.331182021363,61.5234375,-0.286327007755275
A,493,-0.5,407.247075908601,101.5625,-1.26982995616895
A,494,-0.5,349.435967965175,138.671875,-0.391772278112945
A,495,-0.5,376.791305424329,179.6875,0.186976941402868
A,496,-0.5,476.449146703175,194.3359375,0.147063200199158
A,497,-0.5,353.613657904158,260.7421875,0.272142754026957
A,499,-0.5,347.597549712174,88.8671875,-1.96881168674203
A,500,-0.5,357.561787483306,137.6953125,-0.141304061312462
A,501,-0.5,411.59896355417,107.421875,-0.0945019701596147
A,506,-0.51,404.58140856035,173.828125,0.859528429256402
A,507,-0.51,484.888540772882,185.546875,0.620305895607458
A,508,-0.51,378.984559321025,94.7265625,-1.51051308463976
A,509,-0.51,381.448170843593,81.0546875,-1.47427347112564
A,510,-0.51,395.455321515204,143.5546875,-0.116577751287119
A,513,-0.52,504.287512736405,55.6640625,-1.11224016473156
A,516,-0.52,394.302140261938,157.2265625,0.0663792684868034
A,517,-0.52,469.799309522647,189.453125,0.0490988943344351
A,518,-0.52,411.424745735866,196.2890625,0.781171448806922
A,519,-0.52,342.991335158376,157.2265625,0.501516018746626
A,520,-0.52,345.840768466026,81.0546875,-2.009911257522
A,521,-0.52,336.219582149926,91.796875,-2.14006846609619
A,522,-0.52,393.645617511509,83.0078125,-2.06645197876044
A,523,-0.52,416.520510075226,94.7265625,-1.15660644916804
A,524,-0.52,379.606290779757,77.1484375,-1.7078084438865
A,525,-0.52,352.852540915777,144.53125,-0.192245329040226
A,526,-0.52,359.052418308799,78.125,-0.962701688081535
A,528,-0.53,523.66863979167,51.7578125,-1.82328899103586
A,529,-0.53,481.725843465458,50.78125,NaN
A,533,-0.53,413.562180122847,67.3828125,0.0614225898850599
A,534,-0.53,369.603229378723,212.890625,0.38912173173027
A,535,-0.53,346.084320655712,93.75,-1.57377320847322
A,536,-0.53,346.416814037445,75.1953125,-2.04473800318515
A,537,-0.53,430.657410670106,87.890625,-1.65126562640677
A,538,-0.53,469.87228634933,86.9140625,-1.04775530680155
A,539,-0.53,416.036616414147,147.4609375,-0.126780020734608
A,540,-0.53,355.120991986765,186.5234375,0.11929459482298
A,544,-0.54,528.26640407261,241.2109375,0.333877200835583
A,545,-0.54,494.886784454913,108.3984375,-0.79684907771565
A,546,-0.54,396.244836091988,50.78125,0.963049799116461
A,547,-0.54,407.798712104649,178.7109375,0.0856193427675022
A,548,-0.54,398.302661795776,148.4375,-0.3720288897018
A,549,-0.54,400.237828517801,199.21875,0.476675051000907
A,550,-0.54,391.524964905233,161.1328125,0.208693402048849
A,551,-0.54,353.210487287649,87.890625,-1.52547741985603
A,552,-0.54,435.67350927725,89.84375,-1.90102082953931
A,553,-0.54,369.690310061237,77.1484375,-1.44522699863251
A,554,-0.54,433.092585008866,89.84375,-1.82644868251962
A,555,-0.54,374.376480813419,81.0546875,-1.62338082289042
A,556,-0.54,442.795107113194,89.84375,-1.47829409680336
A,557,-0.54,415.631175164699,94.7265625,-1.15395267128123
A,558,-0.54,369.705488736133,85.9375,-1.24460442292797
A,559,-0.54,346.441154958394,129.8828125,-0.824755966019593
A,560,-0.54,386.65454511071,139.6484375,-0.41325724429861
A,561,-0.54,326.33737824558,195.3125,0.775873962206343
A,565,-0.55,522.815111826066,50.78125,-0.0561677308282821
A,570,-0.55,415.135494501731,148.4375,-0.295189839913473
A,571,-0.55,391.272865782106,161.1328125,0.0711059821109631
A,572,-0.55,396.908586748621,184.5703125,0.565120178149478
A,573,-0.55,369.223238490925,208.0078125,1.37067501617609
A,574,-0.55,365.140054426998,213.8671875,0.959693813001057
A,575,-0.55,459.596851454221,184.5703125,0.710978390224123
A,576,-0.55,420.556309843481,136.71875,-0.185135990022531
A,578,-0.55,485.281323008819,69.3359375,-0.772985456306827
A,579,-0.55,390.057886843798,81.0546875,-1.41346804038963
A,580,-0.55,395.387611913593,85.9375,-1.4335253371444
A,581,-0.55,360.655783884999,88.8671875,-1.52799216905203
A,582,-0.55,378.796341545668,86.9140625,-1.64411129568503
A,583,-0.55,463.948988651896,92.7734375,-0.725490934929058
A,584,-0.55,360.898638373417,87.890625,-1.69295906389009
A,585,-0.55,331.394379634091,111.328125,-1.50336610673052
A,591,-0.56,521.670254971158,53.7109375,-0.91565802042845
A,592,-0.56,519.494410673862,246.09375,-0.393595077923931
A,599,-0.56,382.340725470331,176.7578125,0.913852142980778
A,600,-0.56,444.653607367967,200.1953125,0.633356059704343
A,601,-0.56,385.631306050114,180.6640625,0.587451359786826
A,602,-0.56,374.76541427006,180.6640625,0.154500713289323
A,603,-0.56,470.222350677629,91.796875,-1.20544183228344
A,604,-0.56,410.940649213221,91.796875,-1.68474051643211
A,605,-0.56,465.348850542881,137.6953125,-0.192930861944359
A,606,-0.56,516.353477195526,179.6875,0.555755774572668
A,610,-0.57,483.356994441006,129.8828125,-1.28963653892743
A,611,-0.57,495.23423771765,141.6015625,-0.275539688724251
A,615,-0.57,397.792396957397,259.765625,0.637909550868314
A,616,-0.57,428.240096873085,243.1640625,1.04040553413976
A,617,-0.57,424.720673113216,182.6171875,0.76198334787226
A,618,-0.57,365.751886757403,162.109375,0.67133222105997
A,619,-0.57,383.969268119119,199.21875,0.946479882122251
A,620,-0.57,377.110129744163,205.078125,0.734004154972579
A,621,-0.57,370.460621990182,111.328125,-1.29475676691597
A,622,-0.57,372.018400787901,92.7734375,-1.72978893068062
A,623,-0.57,346.544864209637,69.3359375,-1.91325525722816
A,624,-0.57,465.601713045286,98.6328125,-1.13732412127389
A,625,-0.57,347.317708303583,87.890625,-1.80875617573407
A,626,-0.57,356.892256787309,135.7421875,-0.486620302273553
A,627,-0.57,400.059532379813,147.4609375,0.180737955786192
A,628,-0.57,492.962784135578,142.578125,-0.198988916355908
A,629,-0.57,439.700058796467,156.25,0.319887926517269
A,630,-0.57,350.223888063687,147.4609375,-0.119389595116745
A,631,-0.57,346.783021604567,157.2265625,-0.028177203418977
A,634,-0.58,524.793679793193,236.328125,0.248580372459015
A,636,-0.58,491.213322583161,50.78125,-1.6383045987987
A,639,-0.58,413.707607186645,149.4140625,-0.275519383206981
A,640,-0.58,398.35705345998,197.265625,0.0511015126491512
A,641,-0.58,400.35821991382,198.2421875,0.908595620557825
A,642,-0.58,364.203711313006,186.5234375,0.812016222064568
A,643,-0.58,385.053313696419,180.6640625,0.515749933266391
A,644,-0.58,330.852538577874,179.6875,0.381031407636233
A,645,-0.58,432.555894415704,87.890625,-1.87094854653176
A,646,-0.58,378.171700407218,74.21875,-1.82916739845018
A,647,-0.58,416.408341834196,91.796875,-0.994783948792316
A,648,-0.58,432.977349641896,90.8203125,-1.80610818902405
A,649,-0.58,415.159358956629,97.65625,-1.07614636868101
A,650,-0.58,358.003405973722,79.1015625,-2.13462987217506
A,651,-0.58,416.119601522663,146.484375,-0.152664855678299
A,654,-0.59,518.933881922598,289.0625,-0.0896093908061298
A,655,-0.59,522.954574229305,50.78125,-1.33839106137908
A,656,-0.59,489.828380999214,174.8046875,0.160840645888
A,663,-0.59,409.315222298718,50.78125,-0.926778079005708
A,664,-0.59,398.520418669128,217.7734375,0.627584821190942
A,666,-0.59,392.241743998352,142.578125,-0.0715122375810332
A,667,-0.59,380.9165091876,167.96875,-0.207571221885959
A,668,-0.59,384.495353654927,71.2890625,-0.641531178549454
A,669,-0.59,369.696543894177,208.984375,0.327148912440411
A,670,-0.59,448.570708014127,50.78125,-0.592076567360014
A,671,-0.59,434.052072766815,186.5234375,0.814343377678671
A,672,-0.59,352.98704033102,151.3671875,-0.214478324112369
A,674,-0.59,392.292335251179,238.28125,0.552673597561077
A,675,-0.59,372.605822771778,185.546875,0.265134372971107
A,676,-0.59,381.807031511416,164.0625,0.325060814161157
A,677,-0.59,374.201382744914,87.890625,-1.44047120802118
A,678,-0.59,401.054318406626,88.8671875,-1.32536673902636
A,679,-0.59,469.034996942077,97.65625,-1.34739600117985
A,680,-0.59,390.462539264315,86.9140625,-1.49611705292766
A,681,-0.59,380.507943338984,86.9140625,-1.56821354540056
A,682,-0.59,339.919733070939,133.7890625,-0.557586028944785
A,683,-0.59,490.320713057337,142.578125,-0.203007860349254
A,684,-0.59,358.698261265326,138.671875,-0.259632032405114
A,685,-0.59,322.848666673914,50.78125,-1.75365647701305
A,693,-0.6,493.047431533642,52.734375,-1.3834680142676
A,694,-0.6,480.072167533432,50.78125,0.296070516841929
A,698,-0.6,454.310217406011,242.1875,0.264920051838168
A,700,-0.6,398.66023009011,191.40625,0.0978767311283007
A,701,-0.6,379.141284618981,196.2890625,0.0587425567543795
A,702,-0.6,445.00110468637,191.40625,1.27700392030404
A,703,-0.6,403.529925722058,54.6875,-0.841962870609956
A,704,-0.6,403.106828580914,187.5,0.209887387665457
A,705,-0.6,379.418357902307,157.2265625,0.42291943957418
A,706,-0.6,350.724231838973,180.6640625,0.249108206233995
A,707,-0.6,392.188537703441,175.78125,0.508446504680219
A,708,-0.6,365.034971546968,84.9609375,-1.45750740073165
A,709,-0.6,498.090549148447,85.9375,-0.993165421580768
A,710,-0.6,494.741339765284,88.8671875,-0.701522430811426
A,711,-0.6,350.004185142939,88.8671875,-1.84079637272492
A,712,-0.6,506.14355314058,185.546875,0.260544540911273
A,717,-0.61,516.614360197845,145.5078125,-0.535831821862161
A,718,-0.61,525.758825814175,142.578125,-0.415026646828986
A,724,-0.61,378.541148291162,207.03125,0.441914305946246
A,725,-0.61,394.970062346357,NaN,0.544225418613126
A,726,-0.61,395.838673711397,213.8671875,0.309109591149712
A,727,-0.61,391.160147384763,207.03125,0.389185150308235
A,728,-0.61,393.060844122394,234.375,1.0404574221938
A,729,-0.61,363.855032063658,60.546875,-0.718043945224062
A,730,-0.61,407.785406434157,293.9453125,0.0648215055293484
A,731,-0.61,532.463309110507,188.4765625,0.0553665219758949
A,732,-0.61,381.361340849136,179.6875,1.42042330008444
A,733,-0.61,466.773042789242,50.78125,1.3177228353744
A,734,-0.61,359.758937514147,165.0390625,0.81457331173258
A,735,-0.61,439.999641756883,190.4296875,0.662513796117164
A,736,-0.61,380.448502641313,145.5078125,-0.152890299385404
A,737,-0.61,379.692549965516,281.25,1.29131463201261
A,738,-0.61,354.754574878557,285.15625,0.643900278401258
A,739,-0.61,405.77262422415,92.7734375,-1.38097315964909
A,740,-0.61,396.667850186741,80.078125,-1.06482126605627
A,741,-0.61,360.107031279694,96.6796875,-1.43189278410592
A,742,-0.61,390.764767593583,103.515625,-1.16503936554466
A,743,-0.61,427.487636547388,148.4375,-0.285067253436345
A,744,-0.61,440.929726987646,142.578125,-0.0029781891942016
A,745,-0.61,344.86762540191,142.578125,-0.305101342701187
A,756,-0.62,390.391918869481,230.46875,0.256882876036751
A,757,-0.62,417.034194358697,154.296875,0.33327013493306
A,758,-0.62,395.467714287897,201.171875,0.0301039717787566
A,759,-0.62,392.561018190269,183.59375,0.586677639371792
A,760,-0.62,373.349198028814,198.2421875,1.04713648997135
A,761,-0.62,402.706166184414,186.5234375,0.493385379932833
A,764,-0.62,467.69183021613,162.109375,0.54361495966356
A,765,-0.62,396.33085672887,181.640625,-0.0696999475130111
A,766,-0.62,411.975803227057,278.3203125,0.640214627293993
A,767,-0.62,385.890017704878,182.6171875,0.500970934406984
A,768,-0.62,483.485846955114,195.3125,0.506544787884424
A,769,-0.62,354.033214509631,82.03125,-1.77862613715137
A,770,-0.62,391.26461063502,88.8671875,-1.23639081972371
A,772,-0.62,356.788912019188,114.2578125,-1.15208838641073
A,773,-0.62,392.96983178284,152.34375,0.179663720561064
A,774,-0.62,430.140008256564,224.609375,0.372946874307181
A,775,-0.62,464.386768240157,139.6484375,-0.0898692287340974
A,776,-0.62,433.281120669538,131.8359375,-0.698841170528392
A,777,-0.62,449.935016188278,NaN,1.2147384003252
A,780,-0.62,299.027899247985,87.890625,-1.75559843379676
A,785,-0.63,500.402529404756,142.578125,-0.290080883381637
A,786,-0.63,471.689598530916,156.25,0.220733535625296
A,787,-0.63,471.09474515469,50.78125,-0.306942493850393
A,788,-0.63,469.514341100597,50.78125,NaN
A,798,-0.63,393.387086751018,NaN,0.723693714608586
A,799,-0.63,361.814401058827,53.7109375,-0.948893825037922
A,800,-0.63,394.798554432496,177.734375,0.544637353229658
B,22,0.51,355.205219568381,59.5703125,-1.35714813748798
B,32,0.34,333.383947075423,55.6640625,-1.58750915939736
B,35,0.32,340.788320902148,81.0546875,-1.19289845536126
B,36,0.3,290.88360282038,56.640625,-1.1341251957906
B,38,0.29,196.729388327415,56.640625,-1.05345877060128
B,44,0.24,325.054948286529,154.296875,-0.483234311748611
B,45,0.23,338.878118072219,103.515625,-0.73504614950969
B,47,0.21,345.059254460852,68.359375,-1.02721563097931
B,48,0.2,356.713366115736,138.671875,-0.540060990228371
B,52,0.18,340.981738518494,203.125,-0.130528221906355
B,57,0.17,313.435028197191,112.3046875,-0.82471636506977
B,59,0.14,286.96346909776,101.5625,-1.39107193507773
B,60,0.14,262.673986051917,69.3359375,-1.31125845502991
B,62,0.12,337.806595818084,56.640625,-1.62572682568302
B,64,0.11,361.458350497013,101.5625,-1.38230237340134
B,67,0.1,346.778355029526,113.28125,-0.644899322911963
B,68,0.1,274.360921271433,61.5234375,-1.43910981469214
B,69,0.09,341.994634668345,78.125,-0.864923553109593
B,70,0.09,287.375250222154,97.65625,-0.895757307170096
B,71,0.09,333.538882328507,181.640625,-0.262450904599264
B,72,0.09,338.142619875339,180.6640625,-0.334587710038974
B,73,0.09,360.364886453467,51.7578125,-1.78656274466056
B,74,0.08,342.63404299292,86.9140625,-0.955117171823806
B,76,0.06,292.594984788255,98.6328125,-0.837516432436474
B,79,0.04,348.487332113786,83.984375,-0.668917655809446
B,81,0.04,327.976558510048,66.40625,-0.996851861629389
B,82,0.03,279.489403047303,104.4921875,-1.08874256565045
B,83,0.02,320.927820325051,56.640625,-1.0472136374734
B,84,0.02,329.429358436366,98.6328125,-0.824979228686504
B,85,0.01,351.850187843903,56.640625,-2.32201587550602
B,86,0,342.127812522948,85.9375,-1.1323232400393
B,87,0,330.326730228354,173.828125,-0.342354718717914
B,88,0,312.709769765832,131.8359375,-0.511412262472118
B,89,-0.01,284.762606471212,52.734375,-0.646185039063862
B,90,-0.02,286.000716323247,57.6171875,-0.605851873070707
B,91,-0.02,314.836423882675,87.890625,-1.17342724065085
B,92,-0.03,254.803542877008,132.8125,-0.464575335034247
B,93,-0.03,343.958672854732,253.90625,-0.00251067134559967
B,95,-0.04,243.379594054502,50.78125,-0.497522428813693
B,96,-0.04,187.893326003423,53.7109375,-1.23191390144615
B,100,-0.05,394.309082626619,233.3984375,-0.0628810091957891
B,101,-0.06,276.999239813179,50.78125,NaN
B,103,-0.07,297.930818107159,51.7578125,-1.24829918391147
B,104,-0.07,288.144063593053,88.8671875,-1.10964199263167
B,105,-0.07,236.91926210293,89.84375,-1.29265839165835
B,106,-0.07,245.952574986504,80.078125,-0.307667678608792
B,108,-0.08,356.409574870337,65.4296875,-0.955686649214528
B,109,-0.08,263.698145874254,92.7734375,-1.12596417023676
B,110,-0.08,241.133616219878,133.7890625,-0.642435203553417
B,111,-0.08,306.791087514976,85.9375,-0.832641073372242
B,112,-0.08,193.217143157384,76.171875,-1.14310606483156
B,114,-0.09,287.994624629483,115.234375,-0.833030812643111
B,115,-0.09,334.13729346674,NaN,0.102173557912113
B,116,-0.09,341.892445432725,87.890625,-1.00898470603049
B,117,-0.09,325.361636242889,94.7265625,-0.984403223141569
B,118,-0.1,226.331982121544,133.7890625,-0.582717669154419
B,120,-0.11,360.783157889156,135.7421875,-0.552414036314935
B,121,-0.11,358.632111213982,136.71875,-0.536988054219355
B,122,-0.11,320.01612271791,185.546875,-0.142878109378893
B,123,-0.11,283.45748400913,92.7734375,-1.29570266814779
B,124,-0.11,253.616732812964,64.453125,-1.63981858097408
B,125,-0.11,366.244287448714,51.7578125,-0.701642859505532
B,127,-0.12,286.070342318338,55.6640625,-0.41339773834395
B,128,-0.12,318.582079652063,185.546875,-0.1427696194188
B,129,-0.12,345.221165412384,115.234375,-0.647076834007543
B,130,-0.12,279.822164792669,117.1875,-0.968101042579158
B,131,-0.12,261.382429582032,105.46875,-1.01674375378388
B,133,-0.12,376.986773301904,54.6875,-0.571609615186364
B,134,-0.13,312.402225857258,181.640625,-0.41501485474718
B,135,-0.13,347.359848535214,191.40625,-0.304775096000729
B,136,-0.13,302.471239800524,61.5234375,-0.985085539996372
B,137,-0.13,309.183670755534,73.2421875,-1.0537634421575
B,138,-0.13,332.488895157098,NaN,-0.124503697724486
B,139,-0.13,274.423982835032,101.5625,-1.18564522239644
B,140,-0.13,342.746722905231,84.9609375,-1.09157710448409
B,141,-0.14,349.799014366307,73.2421875,-0.688163881628772
B,142,-0.14,335.039506763017,72.265625,-1.20883751414889
B,143,-0.14,275.306459286193,67.3828125,-1.59168279162381
B,144,-0.14,310.574491085194,98.6328125,-0.760493626396335
B,145,-0.14,330.385988246131,227.5390625,-0.104403128444392
B,146,-0.14,331.234277009352,59.5703125,-1.53625423947595
B,150,-0.16,314.053402131815,197.265625,-0.143260149367413
B,151,-0.16,226.825042250715,65.4296875,-0.685796714659139
B,152,-0.16,212.739184040745,90.8203125,-1.16530507691373
B,153,-0.16,352.229298982183,52.734375,-1.06162241702248
B,158,-0.17,358.99098671869,216.796875,-0.0788051593339134
B,159,-0.17,295.630279710914,62.5,-1.82879446998607
B,160,-0.17,239.42600368629,92.7734375,-1.38974859588742
B,161,-0.17,301.515619886471,91.796875,-0.652292640471987
B,162,-0.17,376.875024386733,NaN,-0.247455449323333
B,163,-0.17,310.204690214949,NaN,-0.103730266175502
B,164,-0.17,190.194678799565,74.21875,-1.00921613502886
B,165,-0.17,209.63401521807,65.4296875,-1.7963291158485
B,166,-0.18,284.874831629827,89.84375,-1.4616214984468
B,167,-0.18,353.250468159591,74.21875,-1.51110479311923
B,168,-0.18,329.825876897071,83.984375,-0.838193737810426
B,169,-0.18,336.284063735101,117.1875,-0.633914440618666
B,170,-0.18,224.777805848446,179.6875,-0.361520282428225
B,171,-0.18,367.931072764176,230.46875,0.154925251024787
B,173,-0.19,298.007156174514,94.7265625,-0.663815047649267
B,174,-0.19,361.953392593216,103.515625,-0.72928805028356
B,175,-0.2,284.588324254554,59.5703125,-1.00965379803391
B,177,-0.2,262.453615821328,82.03125,-0.972601351923241
B,178,-0.2,328.015543614011,129.8828125,-0.35821458042248
B,179,-0.2,356.682588124671,58.59375,-0.0777236339385215
B,180,-0.2,319.000149834502,51.7578125,NaN
B,181,-0.21,273.342982527007,196.2890625,0.00543211860860228
B,182,-0.21,251.41162146673,209.9609375,-0.210990396625915
B,184,-0.21,370.260405243848,NaN,-0.422882668743876
B,185,-0.21,278.291822831027,77.1484375,-0.910945318761911
B,186,-0.21,191.197430266663,92.7734375,-0.652257482564967
B,190,-0.22,285.185496801507,63.4765625,-1.35128207079372
B,191,-0.22,253.900463558291,169.921875,-0.0252533522633232
B,192,-0.22,339.787869118288,119.140625,-0.464209709370964
B,193,-0.23,365.190558579969,199.21875,0.303041434995789
B,194,-0.23,296.032312578104,53.7109375,-0.469536630141428
B,195,-0.23,298.522588723705,68.359375,-0.973393399040873
B,196,-0.23,238.580162717493,104.4921875,-1.16592898869106
B,197,-0.23,342.992772568251,198.2421875,-0.37127636798764
B,199,-0.24,368.280414737984,169.921875,0.377443190605067
B,201,-0.24,336.436240766559,206.0546875,-0.00749859152663184
B,202,-0.24,334.210674610304,NaN,-0.170484646238497
B,203,-0.24,323.601636956493,96.6796875,-0.813359698675352
B,204,-0.24,186.921263358747,61.5234375,-1.50735204429478
B,205,-0.25,291.713488349923,57.6171875,-0.749104982984836
B,206,-0.25,309.201419513913,NaN,0.0725610312963759
B,207,-0.25,331.277956755242,195.3125,-0.342949612087814
B,208,-0.25,255.322855835451,64.453125,-1.66870282554432
B,209,-0.25,326.636304709441,NaN,0.0497742772400158
B,210,-0.25,343.498413225952,85.9375,-1.02627510964825
B,211,-0.25,369.577990689966,248.046875,0.192805808188109
B,212,-0.25,343.074793224378,189.453125,-0.434162367922089
B,214,-0.25,378.406973357711,51.7578125,-1.50420184089634
B,215,-0.25,307.953356080907,54.6875,NaN
B,216,-0.25,279.361064547888,58.59375,-1.98756572006741
B,217,-0.26,295.141679875944,88.8671875,-0.566202856109358
B,218,-0.26,282.570410717566,74.21875,-1.2422979026755
B,219,-0.26,284.335982210358,118.1640625,-0.708485136206742
B,220,-0.26,303.074250844074,172.8515625,-0.0534336650219192
B,221,-0.26,328.973372460007,208.984375,-0.264947305518724
B,222,-0.26,349.480666133563,NaN,-0.29746474055481
B,223,-0.26,353.501672121275,60.546875,0.273617936470325
B,224,-0.26,309.172062547978,55.6640625,-1.4938256431924
B,225,-0.26,184.722529568962,58.59375,-1.71594907678818
B,227,-0.27,293.81831102556,81.0546875,-0.727602439614287
B,228,-0.27,300.962165074568,54.6875,-1.22943075988466
B,229,-0.27,332.896081114701,NaN,0.118081975162324
B,230,-0.27,333.204961534434,NaN,-0.122983608129801
B,231,-0.27,342.506148834255,99.609375,-0.898137647241394
B,233,-0.28,289.631959823082,88.8671875,-1.00182869086559
B,234,-0.28,308.800264959577,156.25,-0.213778859253778
B,235,-0.28,341.230768059544,107.421875,-0.584648222966888
B,236,-0.28,331.696912119463,68.359375,-1.1653438660016
B,237,-0.28,187.513510467316,108.3984375,-0.699531476682251
B,238,-0.28,273.206639215547,52.734375,-2.06983775661851
B,239,-0.28,317.379299232374,70.3125,NaN
B,241,-0.29,289.505927783674,59.5703125,-0.997838532256654
B,242,-0.29,352.526264081197,97.65625,-0.853620014681871
B,243,-0.29,262.014921263262,87.890625,-1.87287093661032
B,245,-0.29,385.185313999079,NaN,0.111389836561686
B,246,-0.3,340.613832012438,132.8125,-0.608160110481059
B,247,-0.3,303.151891952203,82.03125,-1.35281003373926
B,248,-0.3,262.096449480749,89.84375,-1.03209423502982
B,249,-0.3,342.52410924143,NaN,0.0520734579771758
B,250,-0.3,377.710942695029,181.640625,-0.113478263740139
B,251,-0.3,382.683809114856,182.6171875,-0.308196418230455
B,252,-0.3,187.854775596529,52.734375,-1.79483406628133
B,255,-0.31,314.331498589869,113.28125,-0.431462433345969
B,256,-0.31,297.685891443799,99.609375,-0.592106739647076
B,257,-0.31,285.891589827694,57.6171875,-0.231768011479089
B,259,-0.31,305.817376705913,95.703125,-0.802282130864386
B,260,-0.31,174.967781302548,71.2890625,-0.830082668328503
B,262,-0.32,346.747725732365,85.9375,-0.562616642980982
B,264,-0.32,347.200114067108,129.8828125,-0.879552402769187
B,265,-0.32,330.711887178812,190.4296875,-0.453977984080773
B,266,-0.32,254.636785224332,58.59375,-1.67362160043909
B,267,-0.32,306.663910036107,142.578125,-0.329582969151255
B,268,-0.32,226.492151195945,68.359375,-1.00345850353005
B,269,-0.32,283.100147671236,95.703125,-1.47664493118448
B,270,-0.32,383.476564613004,249.0234375,0.510580490605551
B,272,-0.33,294.65772906966,56.640625,-0.621270623339722
B,273,-0.33,277.015860157023,76.171875,-0.381794620516865
B,274,-0.33,284.816563991413,89.84375,-1.03512038106556
B,275,-0.33,298.289492303815,159.1796875,-0.408551924385725
B,276,-0.33,302.209085734855,64.453125,-1.26920970567894
B,277,-0.33,333.009228092923,69.3359375,-0.918427744117012
B,278,-0.33,255.215818659361,87.890625,-0.553343321376826
B,279,-0.33,178.098530139185,58.59375,-0.985897508513459
B,280,-0.34,371.981971519217,173.828125,0.565479736383618
B,281,-0.34,325.585349077674,89.84375,-1.19860989170979
B,282,-0.34,292.56315288377,72.265625,-0.977815834998649
B,283,-0.34,291.47542765404,84.9609375,-1.65692239368806
B,284,-0.34,284.189066104723,105.46875,-0.923731680407308
B,285,-0.34,267.093231246521,164.0625,-0.361416590185012
B,286,-0.34,353.60534827568,165.0390625,-0.126323559389835
B,287,-0.34,209.05659133919,80.078125,-0.575304223865069
B,291,-0.35,391.311028190952,200.1953125,0.361556637851941
B,294,-0.35,283.581271316509,114.2578125,-1.11005931154952
B,295,-0.35,317.991255725211,NaN,0.0597657744014061
B,296,-0.35,285.591598455199,98.6328125,-1.06251147289072
B,297,-0.35,348.82359729891,193.359375,-0.361338609937532
B,298,-0.35,368.362986308146,79.1015625,-0.830784789338303
B,299,-0.35,328.43425115369,62.5,-0.708089386883984
B,300,-0.35,282.033770952686,85.9375,-1.28844895375966
B,303,-0.36,284.440662583941,91.796875,-0.771708527352313
B,304,-0.36,313.539637441099,NaN,0.16577042740413
B,305,-0.36,331.812744293756,174.8046875,-0.283266772114312
B,306,-0.36,263.886989355956,74.21875,0.157460117522205
B,307,-0.36,361.616623013891,61.5234375,-1.43564677976643
B,308,-0.36,215.141429847529,58.59375,-0.600811989133825
B,309,-0.36,361.983077240516,57.6171875,NaN
B,310,-0.36,210.036411814727,57.6171875,-2.04292725360305
B,311,-0.37,263.781425439941,105.46875,-1.0914053184877
B,313,-0.37,308.379624425525,272.4609375,-0.0672402846049135
B,314,-0.37,359.225757900079,86.9140625,-0.598933052824572
B,315,-0.37,276.142815844621,NaN,0.0722375252074789
B,316,-0.37,241.367523782375,75.1953125,-1.24258029425106
B,317,-0.37,256.216506091091,160.15625,-0.137633645392646
B,318,-0.37,342.168673738798,176.7578125,-0.0161496791890963
B,319,-0.38,389.87397485531,168.9453125,0.536666617296021
B,320,-0.38,283.719847117755,68.359375,-1.0256385645048
B,321,-0.38,303.642794949769,59.5703125,-0.778420567858885
B,322,-0.38,282.800999898724,100.5859375,-1.08238081614836
B,323,-0.38,291.483184748968,69.3359375,-1.15793007471722
B,324,-0.38,297.153172733522,82.03125,-0.589339126592828
B,325,-0.38,322.232653516938,60.546875,0.292532473919322
B,326,-0.38,333.454117726118,208.0078125,0.182037417955705
B,327,-0.38,227.264293559,61.5234375,-0.887155776192014
B,328,-0.38,328.268858401372,55.6640625,1.05036153347389
B,329,-0.38,279.964640506963,226.5625,-0.086878921047983
B,331,-0.39,391.627687946661,168.9453125,0.540670836632594
B,334,-0.39,285.926004770253,93.75,-1.04336094847857
B,335,-0.39,354.190724128516,52.734375,-0.590533190047085
B,336,-0.39,282.02085509573,100.5859375,-0.789172384491207
B,337,-0.39,245.307885970987,78.125,-1.41851879534791
B,338,-0.39,312.061408680118,58.59375,-0.393095321655387
B,339,-0.39,334.031367243658,NaN,-0.0964148000688616
B,340,-0.39,277.228889014349,114.2578125,-0.787536215278006
B,341,-0.39,307.807346620022,NaN,-0.00601572709767416
B,342,-0.39,321.440696656908,128.90625,-0.482176821991853
B,343,-0.39,249.610222829302,57.6171875,-0.259643897148045
B,344,-0.39,272.450659303341,NaN,-0.116093371528993
B,345,-0.39,379.244682942007,57.6171875,NaN
B,348,-0.4,342.172112410411,208.0078125,-0.00214401722956556
B,349,-0.4,292.223963893921,78.125,-1.09497235011673
B,350,-0.4,366.366767227322,107.421875,-0.512239051749926
B,351,-0.4,317.25833557935,NaN,0.38683939257818
B,358,-0.41,285.48522513829,166.015625,-0.247108297566234
B,359,-0.41,226.119018081409,98.6328125,-0.729719541270657
B,360,-0.41,342.281269688788,195.3125,-0.021720024526088
B,361,-0.41,374.418931749359,199.21875,-0.340015721559303
B,362,-0.41,334.184343609539,NaN,-0.197848090127423
B,363,-0.41,257.840226635674,87.890625,-1.61472308855358
B,365,-0.42,397.62885564681,50.78125,1.00060866427469
B,367,-0.42,341.457406562483,50.78125,-0.341497327145184
B,368,-0.42,343.758604292414,160.15625,-0.372949780339816
B,369,-0.42,250.033710999946,NaN,0.405254583040176
B,370,-0.42,333.382022992752,NaN,-0.157829578568254
B,371,-0.42,216.469904365589,56.640625,-0.357479091328815
B,372,-0.42,294.918172667943,NaN,0.128378162171291
B,377,-0.43,276.365449034254,54.6875,0.0320458888012482
B,378,-0.43,287.382925879742,90.8203125,-1.11309807669948
B,379,-0.43,292.287874328232,69.3359375,-1.01656150587232
B,380,-0.43,286.351305359301,74.21875,-1.41449038216376
B,381,-0.43,297.288425620897,87.890625,-0.793740970625296
B,382,-0.43,244.633908256483,NaN,0.407007920613784
B,384,-0.43,274.600701495423,NaN,0.476723538457393
B,385,-0.43,238.454614656621,60.546875,-1.54593619643399
B,386,-0.43,308.928840245772,57.6171875,-0.59839912158771
B,389,-0.44,382.627319178282,181.640625,0.25870220529982
B,390,-0.44,387.744514602301,181.640625,0.306347371671094
B,391,-0.44,366.568580469281,92.7734375,0.403725314316591
B,394,-0.44,340.366588383871,198.2421875,-0.325337347504302
B,395,-0.44,338.229798134886,50.78125,-0.324696578285165
B,396,-0.44,303.16857255407,75.1953125,-1.43229438667345
B,397,-0.44,262.311380793246,95.703125,-0.695868910143804
B,398,-0.44,290.109525478974,102.5390625,-0.677142892151239
B,399,-0.44,284.429829473868,106.4453125,-0.678175754446528
B,404,-0.45,384.535225494217,165.0390625,0.192957277172076
B,405,-0.45,275.470451530786,52.734375,-0.686102933581092
B,406,-0.45,305.822959051296,54.6875,-0.478700069351657
B,407,-0.45,300.006868279761,58.59375,-1.01560888420809
B,408,-0.45,284.646973752952,138.671875,-0.524112621407321
B,409,-0.45,353.809412169114,50.78125,-0.556259625826184
B,410,-0.45,295.438400700367,65.4296875,-0.409709718948773
B,411,-0.45,338.616173374304,74.21875,-0.60097044482589
B,412,-0.45,304.013518571466,NaN,-0.232938871011569
B,413,-0.45,310.552710815003,NaN,0.368224154432664
B,414,-0.45,342.58540374063,176.7578125,-0.0791072363236872
B,417,-0.46,363.961174311244,92.7734375,0.0901939674737127
B,419,-0.46,276.909715683045,NaN,-0.153048551178276
B,420,-0.46,286.450187218957,103.515625,-1.18109129756814
B,421,-0.46,234.654839061807,NaN,0.377925972311134
B,422,-0.46,337.929372435717,83.984375,-0.413980369415884
B,423,-0.46,335.203389358878,136.71875,-0.534288381570561
B,424,-0.46,331.188784947671,106.4453125,-0.618318598938331
B,425,-0.46,238.649566475021,158.203125,-0.271805332248196
B,430,-0.47,368.132634743679,191.40625,0.463902540407879
B,433,-0.47,326.893288982299,NaN,-0.160302087243134
B,434,-0.47,285.222526007919,98.6328125,-1.12993852494715
B,435,-0.47,318.785602756571,120.1171875,-0.407626071031787
B,436,-0.47,335.672504718592,208.0078125,-0.0492304061389211
B,437,-0.47,258.398659252098,59.5703125,-0.252074378617183
B,438,-0.47,309.78951475224,NaN,0.346366241347829
B,439,-0.47,216.695501120634,68.359375,-0.734617467583003
B,440,-0.47,350.38841494685,NaN,0.365919635304264
B,441,-0.47,362.749650170792,55.6640625,NaN
B,442,-0.48,386.068813110896,183.59375,0.444740035839615
B,446,-0.48,288.361654607372,122.0703125,-0.827929418125628
B,447,-0.48,292.739967152064,87.890625,-1.32657552945217
B,448,-0.48,284.071219540611,108.3984375,-0.772954865433697
B,449,-0.48,228.180583898157,NaN,0.13677681758911
B,450,-0.48,325.643755269109,62.5,-0.443540938845092
B,451,-0.48,235.170829916233,66.40625,-0.629650806213486
B,457,-0.49,387.039134143718,182.6171875,0.421974861852755
B,460,-0.49,315.766852449739,54.6875,-0.214794756902673
B,461,-0.49,263.476071737065,68.359375,-0.117016620853628
B,462,-0.49,296.756883970657,52.734375,-0.883444685247616
B,463,-0.49,262.516327681632,NaN,-0.218962683455038
B,464,-0.49,332.735833499753,141.6015625,-0.411726954926306
B,465,-0.49,327.821634586645,59.5703125,0.670569970205157
B,466,-0.49,331.910251876315,69.3359375,-0.0391658421299044
B,467,-0.49,360.075892865807,206.0546875,-0.081519676196528
B,468,-0.49,281.430601005688,95.703125,-0.874969925912439
B,469,-0.49,277.340057279244,NaN,0.0199277765734634
B,470,-0.49,312.646138088083,77.1484375,-0.934426897720479
B,472,-0.49,307.52253896122,NaN,0.0267466701489072
B,473,-0.49,214.341821063472,53.7109375,NaN
B,474,-0.49,275.905134905394,60.546875,NaN
B,475,-0.49,373.085642147812,62.5,NaN
B,478,-0.5,388.290099735742,179.6875,0.313145388008971
B,479,-0.5,357.030184182672,94.7265625,0.0590370125934196
B,486,-0.5,324.733307930152,53.7109375,-0.463109437473407
B,487,-0.5,286.938904335447,155.2734375,-0.44591122160864
B,488,-0.5,301.77851842594,68.359375,-0.619599720110514
B,489,-0.5,277.705562439399,109.375,-0.872342824158518
B,490,-0.5,313.004544654194,NaN,0.0637200193176635
B,491,-0.5,304.067800421469,55.6640625,-0.523302191061558
B,492,-0.5,301.065027656349,226.5625,-0.362733640243386
B,493,-0.5,293.632040835505,101.5625,-1.29125702342484
B,494,-0.5,287.444887692064,72.265625,-0.285604032208248
B,495,-0.5,260.743747919115,53.7109375,-0.255124464323656
B,496,-0.5,245.303377255691,61.5234375,0.418942031324754
B,497,-0.5,295.355009310625,167.96875,-0.272287361810746
B,499,-0.5,275.131068133049,NaN,0.368976761095795
B,501,-0.5,382.417962486307,50.78125,-1.92860214909904
B,506,-0.51,291.003515855541,111.328125,-0.802326805608674
B,507,-0.51,252.775603732405,59.5703125,-0.664606813944732
B,508,-0.51,337.604236366571,NaN,0.0444670925702957
B,509,-0.51,215.94909672262,61.5234375,-0.572455018294498
B,510,-0.51,365.272246943977,85.9375,-1.01186234827729
B,513,-0.52,388.91511162119,219.7265625,0.437174959681509
B,516,-0.52,285.830201151277,95.703125,-0.986002862243757
B,517,-0.52,340.569471705014,51.7578125,-0.526112315968988
B,518,-0.52,246.964762591447,85.9375,-0.66825119451479
B,519,-0.52,304.973874865631,NaN,-0.29472947266824
B,520,-0.52,285.271056931294,68.359375,-0.224686939887101
B,521,-0.52,304.289093737917,66.40625,-0.355247452412294
B,522,-0.52,352.503386079391,181.640625,-0.00891321717859049
B,523,-0.52,216.353335993732,NaN,-0.223438163281039
B,524,-0.52,226.025159751906,65.4296875,-0.78996861108394
B,525,-0.52,275.359878060322,56.640625,NaN
B,526,-0.52,368.592641291546,89.84375,-0.892757786053097
B,528,-0.53,387.912155953518,184.5703125,0.72108717333412
B,533,-0.53,307.813353883539,105.46875,-0.649375177266483
B,534,-0.53,281.693288103354,70.3125,-1.66316615289874
B,535,-0.53,284.465745345131,55.6640625,-0.981344723059057
B,536,-0.53,307.123848320512,166.9921875,-0.35951334438118
B,537,-0.53,317.187017304891,NaN,0.369973539605891
B,538,-0.53,325.2839669785,56.640625,0.511384805481595
B,539,-0.53,344.310153068555,82.03125,-0.488569679318386
B,540,-0.53,191.99314805982,53.7109375,-1.68102488321014
B,544,-0.54,389.560635634051,184.5703125,0.432394327611089
B,545,-0.54,381.061395847871,131.8359375,-0.47437633389008
B,546,-0.54,285.223928956054,168.9453125,-0.0877898301553297
B,547,-0.54,293.329249555576,60.546875,-0.532343788750345
B,548,-0.54,327.162943279519,155.2734375,-0.322648462920301
B,549,-0.54,293.252147089642,108.3984375,-0.909113573534212
B,550,-0.54,232.838982217197,NaN,0.534865115819303
B,551,-0.54,273.916476224358,235.3515625,-0.319903479985798
B,552,-0.54,328.452083294664,191.40625,0.0540477574953146
B,553,-0.54,245.310410530713,NaN,0.384672765704884
B,554,-0.54,328.5403807126,51.7578125,0.352372626750884
B,555,-0.54,226.553355785099,57.6171875,-0.580458882540408
B,556,-0.54,336.290517292045,169.921875,0.0821494009316415
B,557,-0.54,217.539365375698,74.21875,-0.566938694066631
B,558,-0.54,199.761287871264,59.5703125,-0.79838055145697
B,559,-0.54,323.077840936375,101.5625,-0.802709983461681
B,560,-0.54,362.999223573554,98.6328125,-1.01161026434446
B,561,-0.54,283.545957334172,57.6171875,-1.70391902087678
B,565,-0.55,386.488713611994,158.203125,0.120215495314025
B,570,-0.55,301.024841116716,77.1484375,-0.750049013079392
B,571,-0.55,292.919184412329,65.4296875,-0.74574020768178
B,572,-0.55,292.291031381051,85.9375,-1.11081939914148
B,573,-0.55,312.205386104663,NaN,-0.201820245878885
B,574,-0.55,278.452156785916,106.4453125,-1.29084495354537
B,575,-0.55,361.321603614103,106.4453125,-0.65729725504194
B,576,-0.55,316.488183146295,190.4296875,-0.110956747118188
B,577,-0.55,332.709035220066,NaN,0.0713604646552437
B,578,-0.55,356.971072859853,NaN,-0.0477631077120661
B,579,-0.55,217.283724836971,51.7578125,-0.0929770343998218
B,580,-0.55,216.811155191048,98.6328125,-0.915386989813742
B,581,-0.55,280.485805970494,88.8671875,0.0461616863461175
B,582,-0.55,226.977233235355,70.3125,-0.630025784463465
B,583,-0.55,297.95504122754,NaN,-0.0147394198464316
B,584,-0.55,277.426591237265,NaN,0.384463275207929
B,585,-0.55,288.628197954433,NaN,0.493267713571134
B,591,-0.56,384.938617856697,183.59375,0.751967920790779
B,592,-0.56,386.068653104069,198.2421875,0.406712876242099
B,599,-0.56,290.033479860594,106.4453125,-0.904892337884013
B,600,-0.56,362.587345121521,197.265625,-0.414009414093124
B,601,-0.56,255.572075282275,114.2578125,-0.833546591894951
B,602,-0.56,331.602160101416,NaN,0.0509158352553175
B,603,-0.56,320.287139141536,NaN,-0.0436167129906882
B,604,-0.56,324.566516119843,227.5390625,-0.0509310369676454
B,605,-0.56,310.741954437723,51.7578125,NaN
B,606,-0.56,331.718783077064,67.3828125,NaN
B,610,-0.57,372.195247849005,97.65625,3.18310515915294
B,611,-0.57,385.601459771151,98.6328125,0.0356796236446336
B,615,-0.57,310.11897743282,NaN,0.0154805747942769
B,616,-0.57,263.561820948099,NaN,0.536548173392588
B,617,-0.57,306.018695827499,118.1640625,-0.426508529305812
B,618,-0.57,282.973329720926,108.3984375,-0.829819392650274
B,619,-0.57,264.768245194768,148.4375,-0.380151420503826
B,620,-0.57,332.052923387366,209.9609375,-0.0969681296647145
B,621,-0.57,227.038374881995,NaN,-0.102573280219225
B,622,-0.57,279.294780344407,125,-0.614469920012122
B,623,-0.57,325.12433222117,84.9609375,-1.07470026732551
B,624,-0.57,360.327122733534,115.234375,-0.432860658209679
B,625,-0.57,272.100819019162,NaN,-0.0249692090229305
B,626,-0.57,275.25018440767,NaN,0.0944885934347634
B,627,-0.57,357.318485028969,180.6640625,-0.279583542448259
B,630,-0.57,277.689748059911,53.7109375,NaN
B,634,-0.58,387.545635905825,169.921875,0.358822572597326
B,636,-0.58,371.805859056365,50.78125,0.693764950658662
B,639,-0.58,296.947452222215,83.984375,-0.719674742522269
B,640,-0.58,292.830181972999,61.5234375,-1.13071615175332
B,641,-0.58,296.606158405512,80.078125,-0.979760877639515
B,642,-0.58,282.08357187083,70.3125,-0.721071091819051
B,643,-0.58,337.967498390096,190.4296875,-0.109627659254865
B,644,-0.58,282.137581071418,103.515625,-0.547424471877266
B,645,-0.58,331.006517696945,NaN,0.315141324074335
B,646,-0.58,356.305246614607,114.2578125,-0.619481136697523
B,647,-0.58,212.724128755804,52.734375,-0.866773301529181
B,648,-0.58,329.342246592401,58.59375,0.0816608765356096
B,649,-0.58,217.118647029796,71.2890625,-0.635137063241013
B,650,-0.58,215.510823076091,144.53125,-0.413110549198432
B,651,-0.58,210.177837126571,58.59375,-2.77931063323775
B,654,-0.59,382.864113544206,188.4765625,0.764440315750684
B,655,-0.59,387.21776170793,182.6171875,0.787217557572689
B,656,-0.59,370.538979132774,189.453125,0.800888878581308
B,663,-0.59,307.911085344404,78.125,-1.20433499840682
B,664,-0.59,281.40383555548,52.734375,-0.343639522914039
B,665,-0.59,272.432973805479,NaN,1.15052181240406
B,666,-0.59,295.276335578728,82.03125,-0.682475025990091
B,667,-0.59,304.387123044647,NaN,0.000170780977394146
B,668,-0.59,316.213964199703,87.890625,-0.943928048831989
B,669,-0.59,287.690607066949,119.140625,-0.650707466054677
B,670,-0.59,363.08642881932,51.7578125,-1.11866977875523
B,671,-0.59,357.198631012239,134.765625,-1.06795114066458
B,672,-0.59,292.109620234758,219.7265625,-0.349830875163696
B,674,-0.59,342.243769794031,NaN,4.46641766464842e-05
B,675,-0.59,331.690926511905,NaN,-0.0553592101804664
B,676,-0.59,267.940709014321,NaN,-0.0994836933037239
B,677,-0.59,226.725517573458,58.59375,-0.580398456825258
B,678,-0.59,241.70430359542,66.40625,-0.0631771824160194
B,679,-0.59,367.038694498486,53.7109375,-0.379320093742935
B,680,-0.59,190.357603541015,NaN,-0.38558437094861
B,681,-0.59,214.771301897981,55.6640625,0.448476764915248
B,682,-0.59,308.711486532795,72.265625,-1.01423367262872
B,684,-0.59,194.810445588897,60.546875,NaN
B,685,-0.59,270.010538805529,52.734375,-2.60239547738794
B,693,-0.6,384.696098483285,209.9609375,1.43276424529663
B,694,-0.6,406.531176583862,91.796875,0.564351934976452
B,698,-0.6,288.931163830995,52.734375,-0.0205136766914774
B,700,-0.6,296.43407200252,86.9140625,-0.537617528289382
B,701,-0.6,265.70693497923,53.7109375,-0.427255598627098
B,702,-0.6,353.972129474355,111.328125,-0.633859514092572
B,703,-0.6,320.721855250132,57.6171875,-0.891868756947536
B,704,-0.6,242.952588203997,250.9765625,-0.466197904994585
B,705,-0.6,266.886821678784,NaN,-0.332212534117493
B,706,-0.6,279.070842054778,91.796875,-0.879424883100608
B,707,-0.6,234.845196418521,NaN,0.382294074348617
B,708,-0.6,283.893558075079,114.2578125,-0.872897939064591
B,709,-0.6,366.861924600528,177.734375,0.422270105435516
B,710,-0.6,352.946017089648,NaN,0.321965707458262
B,711,-0.6,273.99953917704,208.0078125,-0.380651104582135
B,717,-0.61,381.910784753898,164.0625,0.0799659612125748
B,718,-0.61,415.121490975194,107.421875,0.156736920313357
B,724,-0.61,289.013183559031,123.046875,-0.568509753409783
B,725,-0.61,277.10858593338,NaN,-0.114327645555806
B,726,-0.61,289.033418827517,92.7734375,-0.921430058871421
B,727,-0.61,293.481988681598,75.1953125,-0.884985906777518
B,728,-0.61,274.380475672597,80.078125,-0.351794086570735
B,729,-0.61,297.871306642062,NaN,-0.353751768019192
B,730,-0.61,354.924721730153,160.15625,-0.320320963055857
B,731,-0.61,362.676265631022,175.78125,-0.178097538217687
B,732,-0.61,261.372165574939,130.859375,-0.508433347745442
B,733,-0.61,347.39210343083,50.78125,-0.689623010592807
B,734,-0.61,288.175068613597,81.0546875,-0.586323796204559
B,735,-0.61,371.506582522382,118.1640625,-0.571222158574971
B,736,-0.61,248.945737337838,146.484375,-0.47554651638611
B,737,-0.61,336.53987233497,209.9609375,0.111497497804811
B,738,-0.61,296.367439214042,125.9765625,-0.403234007458176
B,739,-0.61,352.313682852103,NaN,-0.183575548695342
B,740,-0.61,220.089346428462,69.3359375,-1.09894761356116
B,741,-0.61,340.772665903896,112.3046875,-0.560457029081115
B,742,-0.61,187.663142925365,59.5703125,-0.606115307170828
B,756,-0.62,278.915989207578,53.7109375,-0.0250953467623823
B,757,-0.62,299.477300249269,57.6171875,-0.635782401142554
B,758,-0.62,341.620650659677,158.203125,-0.262356226140054
B,759,-0.62,293.927069905152,86.9140625,-0.817609175984604
B,760,-0.62,287.319349753982,128.90625,-0.747309898504116
B,761,-0.62,345.766751500254,203.125,-0.827353420968017
B,764,-0.62,333.293048423504,NaN,0.114832550324395
B,765,-0.62,236.893087564545,NaN,-0.264198865683129
B,766,-0.62,325.233831229122,NaN,0.0663768829546621
B,767,-0.62,338.920464628116,NaN,0.0912693025822534
B,768,-0.62,356.291481290826,NaN,-0.00833230984718443
B,769,-0.62,288.340303834039,62.5,-0.0237336365761073
B,770,-0.62,263.202114950757,69.3359375,-0.03114629687199
B,772,-0.62,209.532596981968,141.6015625,-0.523748499832252
B,773,-0.62,188.920536931829,59.5703125,-0.536176602834124
B,774,-0.62,355.976725223392,213.8671875,-0.262059116203248
B,775,-0.62,333.377198058762,51.7578125,NaN
B,777,-0.62,381.032912210539,50.78125,-1.66954056607419
B,780,-0.62,92.3721173341789,NaN,0.102249707649583
B,785,-0.63,386.848795027977,50.78125,-1.20157237268766
B,786,-0.63,366.166594151488,91.796875,0.21916864140069
B,787,-0.63,391.374078261866,204.1015625,0.266466763397388
B,798,-0.63,280.12280168441,NaN,-0.140799522099038
B,799,-0.63,297.491449983262,144.53125,-0.533734174391753
B,800,-0.63,291.578789369153,80.078125,-0.916617377870392
