model,class,window,sensor,perturb_m,d_lo_m,d_hi_m,median_coh
data,data,S+15-100 ms,A,5,0,5,0.62417828929764
data,data,S+15-100 ms,A,5,5,10,0.633472029602326
data,data,S+15-100 ms,A,5,10,20,0.587945597253319
data,data,S+15-100 ms,A,5,20,40,0.535050513230783
data,data,S+15-100 ms,A,5,40,80,0.512393838719671
data,data,S+15-100 ms,A,5,80,160,0.487186753413136
data,data,S+15-100 ms,A,10,0,5,NaN
data,data,S+15-100 ms,A,10,5,10,0.584174519487058
data,data,S+15-100 ms,A,10,10,20,0.571939720411464
data,data,S+15-100 ms,A,10,20,40,0.543700693932947
data,data,S+15-100 ms,A,10,40,80,0.513974454853257
data,data,S+15-100 ms,A,10,80,160,0.488268044143172
data,data,S+15-100 ms,A,20,0,5,NaN
data,data,S+15-100 ms,A,20,5,10,0.545787889479763
data,data,S+15-100 ms,A,20,10,20,0.546296218312661
data,data,S+15-100 ms,A,20,20,40,0.53485212003766
data,data,S+15-100 ms,A,20,40,80,0.519328143684381
data,data,S+15-100 ms,A,20,80,160,0.493622635520524
data,data,S+15-100 ms,A,30,0,5,NaN
data,data,S+15-100 ms,A,30,5,10,0.516678342974589
data,data,S+15-100 ms,A,30,10,20,0.532375339872296
data,data,S+15-100 ms,A,30,20,40,0.527052436386322
data,data,S+15-100 ms,A,30,40,80,0.519581766632918
data,data,S+15-100 ms,A,30,80,160,0.500341259049078
data,data,S+15-100 ms,A,50,0,5,NaN
data,data,S+15-100 ms,A,50,5,10,NaN
data,data,S+15-100 ms,A,50,10,20,0.503218140659106
data,data,S+15-100 ms,A,50,20,40,0.51510450359278
data,data,S+15-100 ms,A,50,40,80,0.51071466653087
data,data,S+15-100 ms,A,50,80,160,0.506674642823897
data,data,S+15-100 ms,B,5,0,5,0.673635304748224
data,data,S+15-100 ms,B,5,5,10,0.662707402635515
data,data,S+15-100 ms,B,5,10,20,0.628396458956206
data,data,S+15-100 ms,B,5,20,40,0.568957110196468
data,data,S+15-100 ms,B,5,40,80,0.505139865958594
data,data,S+15-100 ms,B,5,80,160,0.478907998026406
data,data,S+15-100 ms,B,10,0,5,NaN
data,data,S+15-100 ms,B,10,5,10,0.616628717953386
data,data,S+15-100 ms,B,10,10,20,0.611286185420179
data,data,S+15-100 ms,B,10,20,40,0.571686670693963
data,data,S+15-100 ms,B,10,40,80,0.512032145750068
data,data,S+15-100 ms,B,10,80,160,0.479700124220565
data,data,S+15-100 ms,B,20,0,5,NaN
data,data,S+15-100 ms,B,20,5,10,0.544256351108067
data,data,S+15-100 ms,B,20,10,20,0.568573787622985
data,data,S+15-100 ms,B,20,20,40,0.55692850171738
data,data,S+15-100 ms,B,20,40,80,0.524455925767857
data,data,S+15-100 ms,B,20,80,160,0.486067251779114
data,data,S+15-100 ms,B,30,0,5,NaN
data,data,S+15-100 ms,B,30,5,10,0.542485912472493
data,data,S+15-100 ms,B,30,10,20,0.548367944206827
data,data,S+15-100 ms,B,30,20,40,0.540990348219746
data,data,S+15-100 ms,B,30,40,80,0.52484246701547
data,data,S+15-100 ms,B,30,80,160,0.494667584191546
data,data,S+15-100 ms,B,50,0,5,NaN
data,data,S+15-100 ms,B,50,5,10,NaN
data,data,S+15-100 ms,B,50,10,20,0.529066140446733
data,data,S+15-100 ms,B,50,20,40,0.516114782802358
data,data,S+15-100 ms,B,50,40,80,0.515910068734785
data,data,S+15-100 ms,B,50,80,160,0.504560413348531
H,smooth,S+15-100 ms,A,5,0,5,0.853378783357784
H,smooth,S+15-100 ms,A,5,5,10,0.876794606719392
H,smooth,S+15-100 ms,A,5,10,20,0.875200496282483
H,smooth,S+15-100 ms,A,5,20,40,0.865393236866419
H,smooth,S+15-100 ms,A,5,40,80,0.858613244159733
H,smooth,S+15-100 ms,A,5,80,160,0.839748508045477
H,smooth,S+15-100 ms,A,10,0,5,NaN
H,smooth,S+15-100 ms,A,10,5,10,0.868043341485735
H,smooth,S+15-100 ms,A,10,10,20,0.869159604679958
H,smooth,S+15-100 ms,A,10,20,40,0.867084071712721
H,smooth,S+15-100 ms,A,10,40,80,0.859014351793292
H,smooth,S+15-100 ms,A,10,80,160,0.841131398067701
H,smooth,S+15-100 ms,A,20,0,5,NaN
H,smooth,S+15-100 ms,A,20,5,10,0.859583480532878
H,smooth,S+15-100 ms,A,20,10,20,0.861961890243356
H,smooth,S+15-100 ms,A,20,20,40,0.865453544697277
H,smooth,S+15-100 ms,A,20,40,80,0.85915282096663
H,smooth,S+15-100 ms,A,20,80,160,0.844822179848499
H,smooth,S+15-100 ms,A,30,0,5,NaN
H,smooth,S+15-100 ms,A,30,5,10,0.832015298869931
H,smooth,S+15-100 ms,A,30,10,20,0.86285999704972
H,smooth,S+15-100 ms,A,30,20,40,0.860166121748312
H,smooth,S+15-100 ms,A,30,40,80,0.859230949233711
H,smooth,S+15-100 ms,A,30,80,160,0.848461322801151
H,smooth,S+15-100 ms,A,50,0,5,NaN
H,smooth,S+15-100 ms,A,50,5,10,NaN
H,smooth,S+15-100 ms,A,50,10,20,0.850972186700316
H,smooth,S+15-100 ms,A,50,20,40,0.855887934694006
H,smooth,S+15-100 ms,A,50,40,80,0.854297389081969
H,smooth,S+15-100 ms,A,50,80,160,0.851356985646912
H,smooth,S+15-100 ms,B,5,0,5,0.757566301426135
H,smooth,S+15-100 ms,B,5,5,10,0.781548473972869
H,smooth,S+15-100 ms,B,5,10,20,0.781592405175132
H,smooth,S+15-100 ms,B,5,20,40,0.771604197866038
H,smooth,S+15-100 ms,B,5,40,80,0.750067849691322
H,smooth,S+15-100 ms,B,5,80,160,0.715265781926059
H,smooth,S+15-100 ms,B,10,0,5,NaN
H,smooth,S+15-100 ms,B,10,5,10,0.779531006796615
H,smooth,S+15-100 ms,B,10,10,20,0.781624465828738
H,smooth,S+15-100 ms,B,10,20,40,0.772346475743151
H,smooth,S+15-100 ms,B,10,40,80,0.749486226206275
H,smooth,S+15-100 ms,B,10,80,160,0.718173683007563
H,smooth,S+15-100 ms,B,20,0,5,NaN
H,smooth,S+15-100 ms,B,20,5,10,0.749076730880291
H,smooth,S+15-100 ms,B,20,10,20,0.761724803066289
H,smooth,S+15-100 ms,B,20,20,40,0.766568615707604
H,smooth,S+15-100 ms,B,20,40,80,0.752475940110882
H,smooth,S+15-100 ms,B,20,80,160,0.723638920259497
H,smooth,S+15-100 ms,B,30,0,5,NaN
H,smooth,S+15-100 ms,B,30,5,10,0.692321620700095
H,smooth,S+15-100 ms,B,30,10,20,0.757328041576125
H,smooth,S+15-100 ms,B,30,20,40,0.75806016643608
H,smooth,S+15-100 ms,B,30,40,80,0.750002099071612
H,smooth,S+15-100 ms,B,30,80,160,0.729845789149949
H,smooth,S+15-100 ms,B,50,0,5,NaN
H,smooth,S+15-100 ms,B,50,5,10,NaN
H,smooth,S+15-100 ms,B,50,10,20,0.73678430678961
H,smooth,S+15-100 ms,B,50,20,40,0.744910490811423
H,smooth,S+15-100 ms,B,50,40,80,0.742267566826158
H,smooth,S+15-100 ms,B,50,80,160,0.735072814308498
L,smooth,S+15-100 ms,A,5,0,5,0.865319009193771
L,smooth,S+15-100 ms,A,5,5,10,0.86847102833042
L,smooth,S+15-100 ms,A,5,10,20,0.870552021791402
L,smooth,S+15-100 ms,A,5,20,40,0.862427302675468
L,smooth,S+15-100 ms,A,5,40,80,0.853596738934202
L,smooth,S+15-100 ms,A,5,80,160,0.828785897924206
L,smooth,S+15-100 ms,A,10,0,5,NaN
L,smooth,S+15-100 ms,A,10,5,10,0.873561202884055
L,smooth,S+15-100 ms,A,10,10,20,0.867722370130018
L,smooth,S+15-100 ms,A,10,20,40,0.862691779054844
L,smooth,S+15-100 ms,A,10,40,80,0.853161337199667
L,smooth,S+15-100 ms,A,10,80,160,0.830621671555045
L,smooth,S+15-100 ms,A,20,0,5,NaN
L,smooth,S+15-100 ms,A,20,5,10,0.858822036784633
L,smooth,S+15-100 ms,A,20,10,20,0.865739574314762
L,smooth,S+15-100 ms,A,20,20,40,0.860836867347662
L,smooth,S+15-100 ms,A,20,40,80,0.853250791619048
L,smooth,S+15-100 ms,A,20,80,160,0.835270472061163
L,smooth,S+15-100 ms,A,30,0,5,NaN
L,smooth,S+15-100 ms,A,30,5,10,0.784268195326034
L,smooth,S+15-100 ms,A,30,10,20,0.860531109386096
L,smooth,S+15-100 ms,A,30,20,40,0.85571313776231
L,smooth,S+15-100 ms,A,30,40,80,0.852741804292001
L,smooth,S+15-100 ms,A,30,80,160,0.839045491812962
L,smooth,S+15-100 ms,A,50,0,5,NaN
L,smooth,S+15-100 ms,A,50,5,10,NaN
L,smooth,S+15-100 ms,A,50,10,20,0.842667419966727
L,smooth,S+15-100 ms,A,50,20,40,0.850025032504034
L,smooth,S+15-100 ms,A,50,40,80,0.8485572515997
L,smooth,S+15-100 ms,A,50,80,160,0.843657933830791
L,smooth,S+15-100 ms,B,5,0,5,0.790143570200871
L,smooth,S+15-100 ms,B,5,5,10,0.798173092665541
L,smooth,S+15-100 ms,B,5,10,20,0.795348791373042
L,smooth,S+15-100 ms,B,5,20,40,0.767739053803622
L,smooth,S+15-100 ms,B,5,40,80,0.743824274840604
L,smooth,S+15-100 ms,B,5,80,160,0.729715837097809
L,smooth,S+15-100 ms,B,10,0,5,NaN
L,smooth,S+15-100 ms,B,10,5,10,0.783964891722124
L,smooth,S+15-100 ms,B,10,10,20,0.788510153765651
L,smooth,S+15-100 ms,B,10,20,40,0.772194743010285
L,smooth,S+15-100 ms,B,10,40,80,0.746580281543189
L,smooth,S+15-100 ms,B,10,80,160,0.73035060932915
L,smooth,S+15-100 ms,B,20,0,5,NaN
L,smooth,S+15-100 ms,B,20,5,10,0.741103083890896
L,smooth,S+15-100 ms,B,20,10,20,0.765260847795154
L,smooth,S+15-100 ms,B,20,20,40,0.765931784335078
L,smooth,S+15-100 ms,B,20,40,80,0.752883114861861
L,smooth,S+15-100 ms,B,20,80,160,0.733108361204887
L,smooth,S+15-100 ms,B,30,0,5,NaN
L,smooth,S+15-100 ms,B,30,5,10,0.751076090851839
L,smooth,S+15-100 ms,B,30,10,20,0.760319639113953
L,smooth,S+15-100 ms,B,30,20,40,0.756202741457211
L,smooth,S+15-100 ms,B,30,40,80,0.751282528907091
L,smooth,S+15-100 ms,B,30,80,160,0.737817569922483
L,smooth,S+15-100 ms,B,50,0,5,NaN
L,smooth,S+15-100 ms,B,50,5,10,NaN
L,smooth,S+15-100 ms,B,50,10,20,0.726445020010775
L,smooth,S+15-100 ms,B,50,20,40,0.748440926585293
L,smooth,S+15-100 ms,B,50,40,80,0.747408136822052
L,smooth,S+15-100 ms,B,50,80,160,0.740737067443077
GRAD3,smooth,S+15-100 ms,A,5,0,5,0.871018369054657
GRAD3,smooth,S+15-100 ms,A,5,5,10,0.881404364084366
GRAD3,smooth,S+15-100 ms,A,5,10,20,0.884035838801891
GRAD3,smooth,S+15-100 ms,A,5,20,40,0.873747267705237
GRAD3,smooth,S+15-100 ms,A,5,40,80,0.868578012343812
GRAD3,smooth,S+15-100 ms,A,5,80,160,0.847285720593644
GRAD3,smooth,S+15-100 ms,A,10,0,5,NaN
GRAD3,smooth,S+15-100 ms,A,10,5,10,0.877651963954372
GRAD3,smooth,S+15-100 ms,A,10,10,20,0.880557375862773
GRAD3,smooth,S+15-100 ms,A,10,20,40,0.876486014584089
GRAD3,smooth,S+15-100 ms,A,10,40,80,0.867938217178552
GRAD3,smooth,S+15-100 ms,A,10,80,160,0.849011795436524
GRAD3,smooth,S+15-100 ms,A,20,0,5,NaN
GRAD3,smooth,S+15-100 ms,A,20,5,10,0.867634024238004
GRAD3,smooth,S+15-100 ms,A,20,10,20,0.872783639036841
GRAD3,smooth,S+15-100 ms,A,20,20,40,0.874441722399865
GRAD3,smooth,S+15-100 ms,A,20,40,80,0.868668182643958
GRAD3,smooth,S+15-100 ms,A,20,80,160,0.85301605498106
GRAD3,smooth,S+15-100 ms,A,30,0,5,NaN
GRAD3,smooth,S+15-100 ms,A,30,5,10,0.867282547623139
GRAD3,smooth,S+15-100 ms,A,30,10,20,0.867051593841426
GRAD3,smooth,S+15-100 ms,A,30,20,40,0.870132294658346
GRAD3,smooth,S+15-100 ms,A,30,40,80,0.866126473317245
GRAD3,smooth,S+15-100 ms,A,30,80,160,0.856310509956951
GRAD3,smooth,S+15-100 ms,A,50,0,5,NaN
GRAD3,smooth,S+15-100 ms,A,50,5,10,NaN
GRAD3,smooth,S+15-100 ms,A,50,10,20,0.861124877345809
GRAD3,smooth,S+15-100 ms,A,50,20,40,0.860824046574865
GRAD3,smooth,S+15-100 ms,A,50,40,80,0.862975887572165
GRAD3,smooth,S+15-100 ms,A,50,80,160,0.858929196494939
GRAD3,smooth,S+15-100 ms,B,5,0,5,0.743096056908928
GRAD3,smooth,S+15-100 ms,B,5,5,10,0.775969923207005
GRAD3,smooth,S+15-100 ms,B,5,10,20,0.778939752081689
GRAD3,smooth,S+15-100 ms,B,5,20,40,0.76790767457655
GRAD3,smooth,S+15-100 ms,B,5,40,80,0.74240514093298
GRAD3,smooth,S+15-100 ms,B,5,80,160,0.715203245864685
GRAD3,smooth,S+15-100 ms,B,10,0,5,0.699791959731445
GRAD3,smooth,S+15-100 ms,B,10,5,10,0.778719853648373
GRAD3,smooth,S+15-100 ms,B,10,10,20,0.778488857678934
GRAD3,smooth,S+15-100 ms,B,10,20,40,0.768775629096243
GRAD3,smooth,S+15-100 ms,B,10,40,80,0.744784259849815
GRAD3,smooth,S+15-100 ms,B,10,80,160,0.716513027675205
GRAD3,smooth,S+15-100 ms,B,20,0,5,NaN
GRAD3,smooth,S+15-100 ms,B,20,5,10,0.749169806165268
GRAD3,smooth,S+15-100 ms,B,20,10,20,0.769663899943684
GRAD3,smooth,S+15-100 ms,B,20,20,40,0.765393168537814
GRAD3,smooth,S+15-100 ms,B,20,40,80,0.746639385568311
GRAD3,smooth,S+15-100 ms,B,20,80,160,0.721149921479933
GRAD3,smooth,S+15-100 ms,B,30,0,5,NaN
GRAD3,smooth,S+15-100 ms,B,30,5,10,0.739588735818907
GRAD3,smooth,S+15-100 ms,B,30,10,20,0.745083048035747
GRAD3,smooth,S+15-100 ms,B,30,20,40,0.75604717990624
GRAD3,smooth,S+15-100 ms,B,30,40,80,0.746482412904441
GRAD3,smooth,S+15-100 ms,B,30,80,160,0.726132773958614
GRAD3,smooth,S+15-100 ms,B,50,0,5,NaN
GRAD3,smooth,S+15-100 ms,B,50,5,10,NaN
GRAD3,smooth,S+15-100 ms,B,50,10,20,0.738226878703023
GRAD3,smooth,S+15-100 ms,B,50,20,40,0.737253807275692
GRAD3,smooth,S+15-100 ms,B,50,40,80,0.738159368814089
GRAD3,smooth,S+15-100 ms,B,50,80,160,0.73251110551125
A,smooth,S+15-100 ms,A,5,0,5,0.896835635178905
A,smooth,S+15-100 ms,A,5,5,10,0.897284067774855
A,smooth,S+15-100 ms,A,5,10,20,0.891095733317183
A,smooth,S+15-100 ms,A,5,20,40,0.876893167630689
A,smooth,S+15-100 ms,A,5,40,80,0.853333281049859
A,smooth,S+15-100 ms,A,5,80,160,0.792095273181691
A,smooth,S+15-100 ms,A,10,0,5,0.883220947543576
A,smooth,S+15-100 ms,A,10,5,10,0.88358833114799
A,smooth,S+15-100 ms,A,10,10,20,0.887940044299926
A,smooth,S+15-100 ms,A,10,20,40,0.878220894757597
A,smooth,S+15-100 ms,A,10,40,80,0.85340610762604
A,smooth,S+15-100 ms,A,10,80,160,0.796488051553446
A,smooth,S+15-100 ms,A,20,0,5,NaN
A,smooth,S+15-100 ms,A,20,5,10,0.856457184915883
A,smooth,S+15-100 ms,A,20,10,20,0.875383075611294
A,smooth,S+15-100 ms,A,20,20,40,0.872654160960371
A,smooth,S+15-100 ms,A,20,40,80,0.855148253313432
A,smooth,S+15-100 ms,A,20,80,160,0.806432235813744
A,smooth,S+15-100 ms,A,30,0,5,NaN
A,smooth,S+15-100 ms,A,30,5,10,0.861225648729069
A,smooth,S+15-100 ms,A,30,10,20,0.864273341335934
A,smooth,S+15-100 ms,A,30,20,40,0.862359749764042
A,smooth,S+15-100 ms,A,30,40,80,0.85065688166395
A,smooth,S+15-100 ms,A,30,80,160,0.819656490213584
A,smooth,S+15-100 ms,A,50,0,5,NaN
A,smooth,S+15-100 ms,A,50,5,10,NaN
A,smooth,S+15-100 ms,A,50,10,20,0.835251475462483
A,smooth,S+15-100 ms,A,50,20,40,0.845984831754
A,smooth,S+15-100 ms,A,50,40,80,0.844616113056258
A,smooth,S+15-100 ms,A,50,80,160,0.82963833048669
A,smooth,S+15-100 ms,B,5,0,5,0.798576736748878
A,smooth,S+15-100 ms,B,5,5,10,0.81344308631217
A,smooth,S+15-100 ms,B,5,10,20,0.818022896765258
A,smooth,S+15-100 ms,B,5,20,40,0.798941296079533
A,smooth,S+15-100 ms,B,5,40,80,0.780274157222898
A,smooth,S+15-100 ms,B,5,80,160,0.776572867198581
A,smooth,S+15-100 ms,B,10,0,5,NaN
A,smooth,S+15-100 ms,B,10,5,10,0.803624330175102
A,smooth,S+15-100 ms,B,10,10,20,0.813624513165557
A,smooth,S+15-100 ms,B,10,20,40,0.801405685287686
A,smooth,S+15-100 ms,B,10,40,80,0.781450922109779
A,smooth,S+15-100 ms,B,10,80,160,0.776905397751018
A,smooth,S+15-100 ms,B,20,0,5,NaN
A,smooth,S+15-100 ms,B,20,5,10,0.785276988031895
A,smooth,S+15-100 ms,B,20,10,20,0.799719331892872
A,smooth,S+15-100 ms,B,20,20,40,0.795426080585023
A,smooth,S+15-100 ms,B,20,40,80,0.785904648727877
A,smooth,S+15-100 ms,B,20,80,160,0.778025664805774
A,smooth,S+15-100 ms,B,30,0,5,NaN
A,smooth,S+15-100 ms,B,30,5,10,0.780290016270262
A,smooth,S+15-100 ms,B,30,10,20,0.779599758063678
A,smooth,S+15-100 ms,B,30,20,40,0.79398256172003
A,smooth,S+15-100 ms,B,30,40,80,0.788082623380446
A,smooth,S+15-100 ms,B,30,80,160,0.779776677945129
A,smooth,S+15-100 ms,B,50,0,5,NaN
A,smooth,S+15-100 ms,B,50,5,10,NaN
A,smooth,S+15-100 ms,B,50,10,20,0.788736953524945
A,smooth,S+15-100 ms,B,50,20,40,0.78590031696305
A,smooth,S+15-100 ms,B,50,40,80,0.78359446939333
A,smooth,S+15-100 ms,B,50,80,160,0.781499400605494
L6,det,S+15-100 ms,A,5,0,5,0.861790663321031
L6,det,S+15-100 ms,A,5,5,10,0.868708462704934
L6,det,S+15-100 ms,A,5,10,20,0.865560533370828
L6,det,S+15-100 ms,A,5,20,40,0.853875423061859
L6,det,S+15-100 ms,A,5,40,80,0.842893062905536
L6,det,S+15-100 ms,A,5,80,160,0.82068961399195
L6,det,S+15-100 ms,A,10,0,5,NaN
L6,det,S+15-100 ms,A,10,5,10,0.861713057536909
L6,det,S+15-100 ms,A,10,10,20,0.861437592238283
L6,det,S+15-100 ms,A,10,20,40,0.854390178024948
L6,det,S+15-100 ms,A,10,40,80,0.84310895784085
L6,det,S+15-100 ms,A,10,80,160,0.822151269418821
L6,det,S+15-100 ms,A,20,0,5,NaN
L6,det,S+15-100 ms,A,20,5,10,0.839137801278858
L6,det,S+15-100 ms,A,20,10,20,0.855272865983286
L6,det,S+15-100 ms,A,20,20,40,0.851328592450255
L6,det,S+15-100 ms,A,20,40,80,0.844057341112529
L6,det,S+15-100 ms,A,20,80,160,0.825869737657899
L6,det,S+15-100 ms,A,30,0,5,NaN
L6,det,S+15-100 ms,A,30,5,10,0.844340417220391
L6,det,S+15-100 ms,A,30,10,20,0.847725984601522
L6,det,S+15-100 ms,A,30,20,40,0.84776309714689
L6,det,S+15-100 ms,A,30,40,80,0.842556295574411
L6,det,S+15-100 ms,A,30,80,160,0.830458984553581
L6,det,S+15-100 ms,A,50,0,5,NaN
L6,det,S+15-100 ms,A,50,5,10,NaN
L6,det,S+15-100 ms,A,50,10,20,0.841173007555376
L6,det,S+15-100 ms,A,50,20,40,0.838894451863479
L6,det,S+15-100 ms,A,50,40,80,0.839672916126998
L6,det,S+15-100 ms,A,50,80,160,0.833890818519591
L6,det,S+15-100 ms,B,5,0,5,0.760494884056458
L6,det,S+15-100 ms,B,5,5,10,0.754218815773876
L6,det,S+15-100 ms,B,5,10,20,0.740373318947391
L6,det,S+15-100 ms,B,5,20,40,0.698248399260392
L6,det,S+15-100 ms,B,5,40,80,0.677528158251583
L6,det,S+15-100 ms,B,5,80,160,0.65301389979625
L6,det,S+15-100 ms,B,10,0,5,NaN
L6,det,S+15-100 ms,B,10,5,10,0.732898394972276
L6,det,S+15-100 ms,B,10,10,20,0.726589360665774
L6,det,S+15-100 ms,B,10,20,40,0.703874209121952
L6,det,S+15-100 ms,B,10,40,80,0.68097926579836
L6,det,S+15-100 ms,B,10,80,160,0.654077954815653
L6,det,S+15-100 ms,B,20,0,5,NaN
L6,det,S+15-100 ms,B,20,5,10,0.694522925999588
L6,det,S+15-100 ms,B,20,10,20,0.702460902708631
L6,det,S+15-100 ms,B,20,20,40,0.696722530633362
L6,det,S+15-100 ms,B,20,40,80,0.686067527516938
L6,det,S+15-100 ms,B,20,80,160,0.65917810661388
L6,det,S+15-100 ms,B,30,0,5,NaN
L6,det,S+15-100 ms,B,30,5,10,0.699070516245196
L6,det,S+15-100 ms,B,30,10,20,0.692960001929336
L6,det,S+15-100 ms,B,30,20,40,0.690805509398628
L6,det,S+15-100 ms,B,30,40,80,0.68536593168737
L6,det,S+15-100 ms,B,30,80,160,0.665227578235857
L6,det,S+15-100 ms,B,50,0,5,NaN
L6,det,S+15-100 ms,B,50,5,10,NaN
L6,det,S+15-100 ms,B,50,10,20,0.675447480502962
L6,det,S+15-100 ms,B,50,20,40,0.683054856202124
L6,det,S+15-100 ms,B,50,40,80,0.67805384047615
L6,det,S+15-100 ms,B,50,80,160,0.67099760374858
FZ,det,S+15-100 ms,A,5,0,5,0.854220607974968
FZ,det,S+15-100 ms,A,5,5,10,0.860171565954228
FZ,det,S+15-100 ms,A,5,10,20,0.846860563927303
FZ,det,S+15-100 ms,A,5,20,40,0.814759561929959
FZ,det,S+15-100 ms,A,5,40,80,0.804663890333993
FZ,det,S+15-100 ms,A,5,80,160,0.794911310229627
FZ,det,S+15-100 ms,A,10,0,5,NaN
FZ,det,S+15-100 ms,A,10,5,10,0.826315679215733
FZ,det,S+15-100 ms,A,10,10,20,0.833915434819038
FZ,det,S+15-100 ms,A,10,20,40,0.821582294654185
FZ,det,S+15-100 ms,A,10,40,80,0.805388364893266
FZ,det,S+15-100 ms,A,10,80,160,0.795570488074205
FZ,det,S+15-100 ms,A,20,0,5,NaN
FZ,det,S+15-100 ms,A,20,5,10,0.820002648485746
FZ,det,S+15-100 ms,A,20,10,20,0.818993328542146
FZ,det,S+15-100 ms,A,20,20,40,0.817997054466969
FZ,det,S+15-100 ms,A,20,40,80,0.809240745966562
FZ,det,S+15-100 ms,A,20,80,160,0.798090327690662
FZ,det,S+15-100 ms,A,30,0,5,NaN
FZ,det,S+15-100 ms,A,30,5,10,0.83541764697763
FZ,det,S+15-100 ms,A,30,10,20,0.809317162029089
FZ,det,S+15-100 ms,A,30,20,40,0.810890338211821
FZ,det,S+15-100 ms,A,30,40,80,0.808716507082989
FZ,det,S+15-100 ms,A,30,80,160,0.800389248033783
FZ,det,S+15-100 ms,A,50,0,5,NaN
FZ,det,S+15-100 ms,A,50,5,10,NaN
FZ,det,S+15-100 ms,A,50,10,20,0.802075929477432
FZ,det,S+15-100 ms,A,50,20,40,0.807944471898174
FZ,det,S+15-100 ms,A,50,40,80,0.806323753406656
FZ,det,S+15-100 ms,A,50,80,160,0.803166188745438
FZ,det,S+15-100 ms,B,5,0,5,0.761801000622918
FZ,det,S+15-100 ms,B,5,5,10,0.772179015744647
FZ,det,S+15-100 ms,B,5,10,20,0.764460409853486
FZ,det,S+15-100 ms,B,5,20,40,0.734146958521766
FZ,det,S+15-100 ms,B,5,40,80,0.692327515764734
FZ,det,S+15-100 ms,B,5,80,160,0.67096742155476
FZ,det,S+15-100 ms,B,10,0,5,0.651370177195302
FZ,det,S+15-100 ms,B,10,5,10,0.758215099071992
FZ,det,S+15-100 ms,B,10,10,20,0.752915136065229
FZ,det,S+15-100 ms,B,10,20,40,0.735043564155928
FZ,det,S+15-100 ms,B,10,40,80,0.696066283760801
FZ,det,S+15-100 ms,B,10,80,160,0.672359224557827
FZ,det,S+15-100 ms,B,20,0,5,NaN
FZ,det,S+15-100 ms,B,20,5,10,0.73295346142708
FZ,det,S+15-100 ms,B,20,10,20,0.732988002474561
FZ,det,S+15-100 ms,B,20,20,40,0.725969053770834
FZ,det,S+15-100 ms,B,20,40,80,0.701807217115944
FZ,det,S+15-100 ms,B,20,80,160,0.676651692909777
FZ,det,S+15-100 ms,B,30,0,5,NaN
FZ,det,S+15-100 ms,B,30,5,10,0.696598850897817
FZ,det,S+15-100 ms,B,30,10,20,0.721390973020813
FZ,det,S+15-100 ms,B,30,20,40,0.716474254762218
FZ,det,S+15-100 ms,B,30,40,80,0.70283436490429
FZ,det,S+15-100 ms,B,30,80,160,0.681959946839837
FZ,det,S+15-100 ms,B,50,0,5,NaN
FZ,det,S+15-100 ms,B,50,5,10,NaN
FZ,det,S+15-100 ms,B,50,10,20,0.708246187291901
FZ,det,S+15-100 ms,B,50,20,40,0.698694440825492
FZ,det,S+15-100 ms,B,50,40,80,0.698404803066032
FZ,det,S+15-100 ms,B,50,80,160,0.689533213780089
P3,pink,S+15-100 ms,A,5,0,5,0.757910699990836
P3,pink,S+15-100 ms,A,5,5,10,0.767755250055982
P3,pink,S+15-100 ms,A,5,10,20,0.752551366471017
P3,pink,S+15-100 ms,A,5,20,40,0.694748856939643
P3,pink,S+15-100 ms,A,5,40,80,0.637264333074084
P3,pink,S+15-100 ms,A,5,80,160,0.550265746581085
P3,pink,S+15-100 ms,A,10,0,5,NaN
P3,pink,S+15-100 ms,A,10,5,10,0.745909179260514
P3,pink,S+15-100 ms,A,10,10,20,0.731194804851333
P3,pink,S+15-100 ms,A,10,20,40,0.699764958760304
P3,pink,S+15-100 ms,A,10,40,80,0.640400543045774
P3,pink,S+15-100 ms,A,10,80,160,0.554401714810234
P3,pink,S+15-100 ms,A,20,0,5,NaN
P3,pink,S+15-100 ms,A,20,5,10,0.697099980769107
P3,pink,S+15-100 ms,A,20,10,20,0.6965630870731
P3,pink,S+15-100 ms,A,20,20,40,0.687235909754995
P3,pink,S+15-100 ms,A,20,40,80,0.648528167777317
P3,pink,S+15-100 ms,A,20,80,160,0.569533915662207
P3,pink,S+15-100 ms,A,30,0,5,NaN
P3,pink,S+15-100 ms,A,30,5,10,0.623628318852659
P3,pink,S+15-100 ms,A,30,10,20,0.674492991504208
P3,pink,S+15-100 ms,A,30,20,40,0.665801130546319
P3,pink,S+15-100 ms,A,30,40,80,0.64325889331267
P3,pink,S+15-100 ms,A,30,80,160,0.587718164296611
P3,pink,S+15-100 ms,A,50,0,5,NaN
P3,pink,S+15-100 ms,A,50,5,10,NaN
P3,pink,S+15-100 ms,A,50,10,20,0.634508214860596
P3,pink,S+15-100 ms,A,50,20,40,0.633063086926293
P3,pink,S+15-100 ms,A,50,40,80,0.626675083184359
P3,pink,S+15-100 ms,A,50,80,160,0.605518223024164
P3,pink,S+15-100 ms,B,5,0,5,0.749219797452624
P3,pink,S+15-100 ms,B,5,5,10,0.761072382892123
P3,pink,S+15-100 ms,B,5,10,20,0.74298958112483
P3,pink,S+15-100 ms,B,5,20,40,0.697099479069002
P3,pink,S+15-100 ms,B,5,40,80,0.649399223557204
P3,pink,S+15-100 ms,B,5,80,160,0.584327181534269
P3,pink,S+15-100 ms,B,10,0,5,NaN
P3,pink,S+15-100 ms,B,10,5,10,0.732560068347914
P3,pink,S+15-100 ms,B,10,10,20,0.734969091404934
P3,pink,S+15-100 ms,B,10,20,40,0.700681771761216
P3,pink,S+15-100 ms,B,10,40,80,0.652167769654878
P3,pink,S+15-100 ms,B,10,80,160,0.587562464328793
P3,pink,S+15-100 ms,B,20,0,5,NaN
P3,pink,S+15-100 ms,B,20,5,10,0.686923418748255
P3,pink,S+15-100 ms,B,20,10,20,0.693492145730152
P3,pink,S+15-100 ms,B,20,20,40,0.689861760350379
P3,pink,S+15-100 ms,B,20,40,80,0.657993436381678
P3,pink,S+15-100 ms,B,20,80,160,0.599351863955495
P3,pink,S+15-100 ms,B,30,0,5,NaN
P3,pink,S+15-100 ms,B,30,5,10,0.590075957578748
P3,pink,S+15-100 ms,B,30,10,20,0.678326484987235
P3,pink,S+15-100 ms,B,30,20,40,0.67330238494898
P3,pink,S+15-100 ms,B,30,40,80,0.655557941333719
P3,pink,S+15-100 ms,B,30,80,160,0.612428370405721
P3,pink,S+15-100 ms,B,50,0,5,NaN
P3,pink,S+15-100 ms,B,50,5,10,NaN
P3,pink,S+15-100 ms,B,50,10,20,0.652961742737299
P3,pink,S+15-100 ms,B,50,20,40,0.642813702118917
P3,pink,S+15-100 ms,B,50,40,80,0.642420488585527
P3,pink,S+15-100 ms,B,50,80,160,0.625140972809627
P6,pink,S+15-100 ms,A,5,0,5,0.726911836774927
P6,pink,S+15-100 ms,A,5,5,10,0.720289902995969
P6,pink,S+15-100 ms,A,5,10,20,0.698243667125033
P6,pink,S+15-100 ms,A,5,20,40,0.627860869241859
P6,pink,S+15-100 ms,A,5,40,80,0.532854067872879
P6,pink,S+15-100 ms,A,5,80,160,0.458999250515925
P6,pink,S+15-100 ms,A,10,0,5,NaN
P6,pink,S+15-100 ms,A,10,5,10,0.687725689768173
P6,pink,S+15-100 ms,A,10,10,20,0.679378379930008
P6,pink,S+15-100 ms,A,10,20,40,0.632698200428803
P6,pink,S+15-100 ms,A,10,40,80,0.540961762970313
P6,pink,S+15-100 ms,A,10,80,160,0.461415507430319
P6,pink,S+15-100 ms,A,20,0,5,NaN
P6,pink,S+15-100 ms,A,20,5,10,0.608246273032351
P6,pink,S+15-100 ms,A,20,10,20,0.624884134082912
P6,pink,S+15-100 ms,A,20,20,40,0.608864594207652
P6,pink,S+15-100 ms,A,20,40,80,0.555527520683221
P6,pink,S+15-100 ms,A,20,80,160,0.47543255434
P6,pink,S+15-100 ms,A,30,0,5,NaN
P6,pink,S+15-100 ms,A,30,5,10,0.583310331515607
P6,pink,S+15-100 ms,A,30,10,20,0.581977998426716
P6,pink,S+15-100 ms,A,30,20,40,0.580257431343399
P6,pink,S+15-100 ms,A,30,40,80,0.552231478071371
P6,pink,S+15-100 ms,A,30,80,160,0.492979413198227
P6,pink,S+15-100 ms,A,50,0,5,NaN
P6,pink,S+15-100 ms,A,50,5,10,NaN
P6,pink,S+15-100 ms,A,50,10,20,0.532746165527892
P6,pink,S+15-100 ms,A,50,20,40,0.540093127617406
P6,pink,S+15-100 ms,A,50,40,80,0.534679744517137
P6,pink,S+15-100 ms,A,50,80,160,0.511850616614999
P6,pink,S+15-100 ms,B,5,0,5,0.748727821106371
P6,pink,S+15-100 ms,B,5,5,10,0.752099188049243
P6,pink,S+15-100 ms,B,5,10,20,0.722006933536377
P6,pink,S+15-100 ms,B,5,20,40,0.665031677706863
P6,pink,S+15-100 ms,B,5,40,80,0.611827600162357
P6,pink,S+15-100 ms,B,5,80,160,0.539908207023237
P6,pink,S+15-100 ms,B,10,0,5,NaN
P6,pink,S+15-100 ms,B,10,5,10,0.713834145913028
P6,pink,S+15-100 ms,B,10,10,20,0.703449789711982
P6,pink,S+15-100 ms,B,10,20,40,0.66868411851782
P6,pink,S+15-100 ms,B,10,40,80,0.615326137003145
P6,pink,S+15-100 ms,B,10,80,160,0.543242654507142
P6,pink,S+15-100 ms,B,20,0,5,NaN
P6,pink,S+15-100 ms,B,20,5,10,0.673801300592239
P6,pink,S+15-100 ms,B,20,10,20,0.66803129969593
P6,pink,S+15-100 ms,B,20,20,40,0.65516410259841
P6,pink,S+15-100 ms,B,20,40,80,0.620779170068651
P6,pink,S+15-100 ms,B,20,80,160,0.555005666719119
P6,pink,S+15-100 ms,B,30,0,5,NaN
P6,pink,S+15-100 ms,B,30,5,10,0.665450478936904
P6,pink,S+15-100 ms,B,30,10,20,0.640296868916253
P6,pink,S+15-100 ms,B,30,20,40,0.635401673426071
P6,pink,S+15-100 ms,B,30,40,80,0.616840705659742
P6,pink,S+15-100 ms,B,30,80,160,0.569230889451366
P6,pink,S+15-100 ms,B,50,0,5,NaN
P6,pink,S+15-100 ms,B,50,5,10,NaN
P6,pink,S+15-100 ms,B,50,10,20,0.605967173787576
P6,pink,S+15-100 ms,B,50,20,40,0.607419325357097
P6,pink,S+15-100 ms,B,50,40,80,0.602701569562686
P6,pink,S+15-100 ms,B,50,80,160,0.584718302820435
E15,exp,S+15-100 ms,A,5,0,5,0.724324844055098
E15,exp,S+15-100 ms,A,5,5,10,0.725569570729752
E15,exp,S+15-100 ms,A,5,10,20,0.692575424527013
E15,exp,S+15-100 ms,A,5,20,40,0.618907583600331
E15,exp,S+15-100 ms,A,5,40,80,0.511453408812273
E15,exp,S+15-100 ms,A,5,80,160,0.444720410216507
E15,exp,S+15-100 ms,A,10,0,5,NaN
E15,exp,S+15-100 ms,A,10,5,10,0.681947163278016
E15,exp,S+15-100 ms,A,10,10,20,0.66748489507983
E15,exp,S+15-100 ms,A,10,20,40,0.623119102257565
E15,exp,S+15-100 ms,A,10,40,80,0.520265197984533
E15,exp,S+15-100 ms,A,10,80,160,0.447189986496163
E15,exp,S+15-100 ms,A,20,0,5,NaN
E15,exp,S+15-100 ms,A,20,5,10,0.611577254100902
E15,exp,S+15-100 ms,A,20,10,20,0.610405555182883
E15,exp,S+15-100 ms,A,20,20,40,0.595303476941031
E15,exp,S+15-100 ms,A,20,40,80,0.538350116363082
E15,exp,S+15-100 ms,A,20,80,160,0.458870292606283
E15,exp,S+15-100 ms,A,30,0,5,NaN
E15,exp,S+15-100 ms,A,30,5,10,0.568600246169648
E15,exp,S+15-100 ms,A,30,10,20,0.568943086606478
E15,exp,S+15-100 ms,A,30,20,40,0.564408367965685
E15,exp,S+15-100 ms,A,30,40,80,0.534600138739023
E15,exp,S+15-100 ms,A,30,80,160,0.476380585684869
E15,exp,S+15-100 ms,A,50,0,5,NaN
E15,exp,S+15-100 ms,A,50,5,10,NaN
E15,exp,S+15-100 ms,A,50,10,20,0.523670901083944
E15,exp,S+15-100 ms,A,50,20,40,0.520428818236271
E15,exp,S+15-100 ms,A,50,40,80,0.515929350082904
E15,exp,S+15-100 ms,A,50,80,160,0.493950040842204
E15,exp,S+15-100 ms,B,5,0,5,0.729177061072565
E15,exp,S+15-100 ms,B,5,5,10,0.749015240491696
E15,exp,S+15-100 ms,B,5,10,20,0.7128304003798
E15,exp,S+15-100 ms,B,5,20,40,0.641966303571291
E15,exp,S+15-100 ms,B,5,40,80,0.573714057711807
E15,exp,S+15-100 ms,B,5,80,160,0.492784414953698
E15,exp,S+15-100 ms,B,10,0,5,NaN
E15,exp,S+15-100 ms,B,10,5,10,0.707661782919016
E15,exp,S+15-100 ms,B,10,10,20,0.690059294201039
E15,exp,S+15-100 ms,B,10,20,40,0.64632492422174
E15,exp,S+15-100 ms,B,10,40,80,0.577595082407252
E15,exp,S+15-100 ms,B,10,80,160,0.496622428884326
E15,exp,S+15-100 ms,B,20,0,5,NaN
E15,exp,S+15-100 ms,B,20,5,10,0.632239744915387
E15,exp,S+15-100 ms,B,20,10,20,0.640652304759779
E15,exp,S+15-100 ms,B,20,20,40,0.629522990153613
E15,exp,S+15-100 ms,B,20,40,80,0.588235761646012
E15,exp,S+15-100 ms,B,20,80,160,0.510725374839948
E15,exp,S+15-100 ms,B,30,0,5,NaN
E15,exp,S+15-100 ms,B,30,5,10,0.605760664201051
E15,exp,S+15-100 ms,B,30,10,20,0.610539897966096
E15,exp,S+15-100 ms,B,30,20,40,0.606303743723724
E15,exp,S+15-100 ms,B,30,40,80,0.581812305532165
E15,exp,S+15-100 ms,B,30,80,160,0.52902959953676
E15,exp,S+15-100 ms,B,50,0,5,NaN
E15,exp,S+15-100 ms,B,50,5,10,NaN
E15,exp,S+15-100 ms,B,50,10,20,0.572014866924885
E15,exp,S+15-100 ms,B,50,20,40,0.570414763346937
E15,exp,S+15-100 ms,B,50,40,80,0.56486952728269
E15,exp,S+15-100 ms,B,50,80,160,0.547086576200367
G50,gau,S+15-100 ms,A,5,0,5,0.712141750453742
G50,gau,S+15-100 ms,A,5,5,10,0.70399029627441
G50,gau,S+15-100 ms,A,5,10,20,0.661872004098324
G50,gau,S+15-100 ms,A,5,20,40,0.57145759574306
G50,gau,S+15-100 ms,A,5,40,80,0.479847877787492
G50,gau,S+15-100 ms,A,5,80,160,0.452261992642321
G50,gau,S+15-100 ms,A,10,0,5,0.600402300967147
G50,gau,S+15-100 ms,A,10,5,10,0.643752695804422
G50,gau,S+15-100 ms,A,10,10,20,0.631762259780875
G50,gau,S+15-100 ms,A,10,20,40,0.575435143962804
G50,gau,S+15-100 ms,A,10,40,80,0.489372381761577
G50,gau,S+15-100 ms,A,10,80,160,0.453372698034883
G50,gau,S+15-100 ms,A,20,0,5,NaN
G50,gau,S+15-100 ms,A,20,5,10,0.560417996964897
G50,gau,S+15-100 ms,A,20,10,20,0.57093649916511
G50,gau,S+15-100 ms,A,20,20,40,0.55241612960839
G50,gau,S+15-100 ms,A,20,40,80,0.507123875480501
G50,gau,S+15-100 ms,A,20,80,160,0.458469403487101
G50,gau,S+15-100 ms,A,30,0,5,NaN
G50,gau,S+15-100 ms,A,30,5,10,0.52264595031013
G50,gau,S+15-100 ms,A,30,10,20,0.526807642156134
G50,gau,S+15-100 ms,A,30,20,40,0.524306252675803
G50,gau,S+15-100 ms,A,30,40,80,0.506691946223817
G50,gau,S+15-100 ms,A,30,80,160,0.469150816618907
G50,gau,S+15-100 ms,A,50,0,5,NaN
G50,gau,S+15-100 ms,A,50,5,10,NaN
G50,gau,S+15-100 ms,A,50,10,20,0.485944864814719
G50,gau,S+15-100 ms,A,50,20,40,0.501393478397597
G50,gau,S+15-100 ms,A,50,40,80,0.495081115888242
G50,gau,S+15-100 ms,A,50,80,160,0.481216497610831
G50,gau,S+15-100 ms,B,5,0,5,0.793823137000939
G50,gau,S+15-100 ms,B,5,5,10,0.788689426093725
G50,gau,S+15-100 ms,B,5,10,20,0.759641952778643
G50,gau,S+15-100 ms,B,5,20,40,0.68300402418143
G50,gau,S+15-100 ms,B,5,40,80,0.575156290471699
G50,gau,S+15-100 ms,B,5,80,160,0.505276191672932
G50,gau,S+15-100 ms,B,10,0,5,NaN
G50,gau,S+15-100 ms,B,10,5,10,0.745062253811496
G50,gau,S+15-100 ms,B,10,10,20,0.73416359023251
G50,gau,S+15-100 ms,B,10,20,40,0.686273803191159
G50,gau,S+15-100 ms,B,10,40,80,0.584464694647372
G50,gau,S+15-100 ms,B,10,80,160,0.507125745731888
G50,gau,S+15-100 ms,B,20,0,5,NaN
G50,gau,S+15-100 ms,B,20,5,10,0.67353568123727
G50,gau,S+15-100 ms,B,20,10,20,0.680997605841578
G50,gau,S+15-100 ms,B,20,20,40,0.661885192811081
G50,gau,S+15-100 ms,B,20,40,80,0.602467196607395
G50,gau,S+15-100 ms,B,20,80,160,0.518626584543718
G50,gau,S+15-100 ms,B,30,0,5,NaN
G50,gau,S+15-100 ms,B,30,5,10,0.626044571682657
G50,gau,S+15-100 ms,B,30,10,20,0.635519579947658
G50,gau,S+15-100 ms,B,30,20,40,0.628476602379362
G50,gau,S+15-100 ms,B,30,40,80,0.600458184889957
G50,gau,S+15-100 ms,B,30,80,160,0.537357207339293
G50,gau,S+15-100 ms,B,50,0,5,NaN
G50,gau,S+15-100 ms,B,50,5,10,NaN
G50,gau,S+15-100 ms,B,50,10,20,0.579477268784017
G50,gau,S+15-100 ms,B,50,20,40,0.585205453728277
G50,gau,S+15-100 ms,B,50,40,80,0.580429891821773
G50,gau,S+15-100 ms,B,50,80,160,0.557506185556293
data,data,S+40-100 ms,A,5,0,5,0.651230995935249
data,data,S+40-100 ms,A,5,5,10,0.647223973520758
data,data,S+40-100 ms,A,5,10,20,0.599711692040858
data,data,S+40-100 ms,A,5,20,40,0.555491657888108
data,data,S+40-100 ms,A,5,40,80,0.536903821380864
data,data,S+40-100 ms,A,5,80,160,0.526962217358591
data,data,S+40-100 ms,A,10,0,5,NaN
data,data,S+40-100 ms,A,10,5,10,0.585903523360078
data,data,S+40-100 ms,A,10,10,20,0.585649463393517
data,data,S+40-100 ms,A,10,20,40,0.562359564640912
data,data,S+40-100 ms,A,10,40,80,0.538703311436878
data,data,S+40-100 ms,A,10,80,160,0.527948395339481
data,data,S+40-100 ms,A,20,0,5,NaN
data,data,S+40-100 ms,A,20,5,10,0.560619734151268
data,data,S+40-100 ms,A,20,10,20,0.560929509583709
data,data,S+40-100 ms,A,20,20,40,0.556220107372518
data,data,S+40-100 ms,A,20,40,80,0.544989661844408
data,data,S+40-100 ms,A,20,80,160,0.530069819363217
data,data,S+40-100 ms,A,30,0,5,NaN
data,data,S+40-100 ms,A,30,5,10,0.565673113201537
data,data,S+40-100 ms,A,30,10,20,0.55103658137921
data,data,S+40-100 ms,A,30,20,40,0.549568131577256
data,data,S+40-100 ms,A,30,40,80,0.544985713353715
data,data,S+40-100 ms,A,30,80,160,0.533349421293499
data,data,S+40-100 ms,A,50,0,5,NaN
data,data,S+40-100 ms,A,50,5,10,NaN
data,data,S+40-100 ms,A,50,10,20,0.535545843854202
data,data,S+40-100 ms,A,50,20,40,0.540761162560682
data,data,S+40-100 ms,A,50,40,80,0.540390367978034
data,data,S+40-100 ms,A,50,80,160,0.537222461689581
data,data,S+40-100 ms,B,5,0,5,0.533413982787251
data,data,S+40-100 ms,B,5,5,10,0.536537375664724
data,data,S+40-100 ms,B,5,10,20,0.507616086762436
data,data,S+40-100 ms,B,5,20,40,0.467360596703174
data,data,S+40-100 ms,B,5,40,80,0.456819213586278
data,data,S+40-100 ms,B,5,80,160,0.446988347775999
data,data,S+40-100 ms,B,10,0,5,NaN
data,data,S+40-100 ms,B,10,5,10,0.504072206299747
data,data,S+40-100 ms,B,10,10,20,0.493865163038
data,data,S+40-100 ms,B,10,20,40,0.473777712972377
data,data,S+40-100 ms,B,10,40,80,0.458055874207583
data,data,S+40-100 ms,B,10,80,160,0.447501695774299
data,data,S+40-100 ms,B,20,0,5,NaN
data,data,S+40-100 ms,B,20,5,10,0.470379690624414
data,data,S+40-100 ms,B,20,10,20,0.476370538008758
data,data,S+40-100 ms,B,20,20,40,0.47155210113908
data,data,S+40-100 ms,B,20,40,80,0.461612133007346
data,data,S+40-100 ms,B,20,80,160,0.449918632883967
data,data,S+40-100 ms,B,30,0,5,NaN
data,data,S+40-100 ms,B,30,5,10,0.466885397463923
data,data,S+40-100 ms,B,30,10,20,0.466560213883278
data,data,S+40-100 ms,B,30,20,40,0.464823170357142
data,data,S+40-100 ms,B,30,40,80,0.462665719553807
data,data,S+40-100 ms,B,30,80,160,0.452778402076357
data,data,S+40-100 ms,B,50,0,5,NaN
data,data,S+40-100 ms,B,50,5,10,NaN
data,data,S+40-100 ms,B,50,10,20,0.46456912905008
data,data,S+40-100 ms,B,50,20,40,0.460244438733419
data,data,S+40-100 ms,B,50,40,80,0.45988022037493
data,data,S+40-100 ms,B,50,80,160,0.455714634922264
H,smooth,S+40-100 ms,A,5,0,5,0.664022600644627
H,smooth,S+40-100 ms,A,5,5,10,0.695912404051191
H,smooth,S+40-100 ms,A,5,10,20,0.691084028708184
H,smooth,S+40-100 ms,A,5,20,40,0.670436726157715
H,smooth,S+40-100 ms,A,5,40,80,0.6493556426818
H,smooth,S+40-100 ms,A,5,80,160,0.63384459433849
H,smooth,S+40-100 ms,A,10,0,5,NaN
H,smooth,S+40-100 ms,A,10,5,10,0.68361591903766
H,smooth,S+40-100 ms,A,10,10,20,0.681735165830281
H,smooth,S+40-100 ms,A,10,20,40,0.67049769347442
H,smooth,S+40-100 ms,A,10,40,80,0.650998834748675
H,smooth,S+40-100 ms,A,10,80,160,0.635414645886676
H,smooth,S+40-100 ms,A,20,0,5,NaN
H,smooth,S+40-100 ms,A,20,5,10,0.681009063700862
H,smooth,S+40-100 ms,A,20,10,20,0.664780669079587
H,smooth,S+40-100 ms,A,20,20,40,0.665611130570248
H,smooth,S+40-100 ms,A,20,40,80,0.654677590208814
H,smooth,S+40-100 ms,A,20,80,160,0.63804535585029
H,smooth,S+40-100 ms,A,30,0,5,NaN
H,smooth,S+40-100 ms,A,30,5,10,0.623402223359161
H,smooth,S+40-100 ms,A,30,10,20,0.661524496482745
H,smooth,S+40-100 ms,A,30,20,40,0.658292959757794
H,smooth,S+40-100 ms,A,30,40,80,0.655366644588843
H,smooth,S+40-100 ms,A,30,80,160,0.641688902381398
H,smooth,S+40-100 ms,A,50,0,5,NaN
H,smooth,S+40-100 ms,A,50,5,10,NaN
H,smooth,S+40-100 ms,A,50,10,20,0.651914234493515
H,smooth,S+40-100 ms,A,50,20,40,0.65094970980166
H,smooth,S+40-100 ms,A,50,40,80,0.649525607428882
H,smooth,S+40-100 ms,A,50,80,160,0.645312009574442
H,smooth,S+40-100 ms,B,5,0,5,0.634571588579492
H,smooth,S+40-100 ms,B,5,5,10,0.652783490962159
H,smooth,S+40-100 ms,B,5,10,20,0.660112543956183
H,smooth,S+40-100 ms,B,5,20,40,0.637484759153058
H,smooth,S+40-100 ms,B,5,40,80,0.59965788341321
H,smooth,S+40-100 ms,B,5,80,160,0.564318367091998
H,smooth,S+40-100 ms,B,10,0,5,NaN
H,smooth,S+40-100 ms,B,10,5,10,0.656090514176188
H,smooth,S+40-100 ms,B,10,10,20,0.652602193406384
H,smooth,S+40-100 ms,B,10,20,40,0.638925262191203
H,smooth,S+40-100 ms,B,10,40,80,0.601738554978855
H,smooth,S+40-100 ms,B,10,80,160,0.566290387007768
H,smooth,S+40-100 ms,B,20,0,5,NaN
H,smooth,S+40-100 ms,B,20,5,10,0.616187971074412
H,smooth,S+40-100 ms,B,20,10,20,0.628100302841663
H,smooth,S+40-100 ms,B,20,20,40,0.629807713858222
H,smooth,S+40-100 ms,B,20,40,80,0.608955337445159
H,smooth,S+40-100 ms,B,20,80,160,0.572554341903086
H,smooth,S+40-100 ms,B,30,0,5,NaN
H,smooth,S+40-100 ms,B,30,5,10,0.632017001843594
H,smooth,S+40-100 ms,B,30,10,20,0.616551365954686
H,smooth,S+40-100 ms,B,30,20,40,0.6194392493509
H,smooth,S+40-100 ms,B,30,40,80,0.607112524517196
H,smooth,S+40-100 ms,B,30,80,160,0.580490951477599
H,smooth,S+40-100 ms,B,50,0,5,NaN
H,smooth,S+40-100 ms,B,50,5,10,NaN
H,smooth,S+40-100 ms,B,50,10,20,0.599739947093056
H,smooth,S+40-100 ms,B,50,20,40,0.602644118414988
H,smooth,S+40-100 ms,B,50,40,80,0.597309512063513
H,smooth,S+40-100 ms,B,50,80,160,0.587260251637986
L,smooth,S+40-100 ms,A,5,0,5,0.70051790193517
L,smooth,S+40-100 ms,A,5,5,10,0.688093288573548
L,smooth,S+40-100 ms,A,5,10,20,0.685318699480468
L,smooth,S+40-100 ms,A,5,20,40,0.668193849265845
L,smooth,S+40-100 ms,A,5,40,80,0.65065427102482
L,smooth,S+40-100 ms,A,5,80,160,0.625722598553682
L,smooth,S+40-100 ms,A,10,0,5,NaN
L,smooth,S+40-100 ms,A,10,5,10,0.696238668656936
L,smooth,S+40-100 ms,A,10,10,20,0.681710953740709
L,smooth,S+40-100 ms,A,10,20,40,0.667537583058689
L,smooth,S+40-100 ms,A,10,40,80,0.652427723545104
L,smooth,S+40-100 ms,A,10,80,160,0.627982868571878
L,smooth,S+40-100 ms,A,20,0,5,NaN
L,smooth,S+40-100 ms,A,20,5,10,0.669362614825402
L,smooth,S+40-100 ms,A,20,10,20,0.674767152800387
L,smooth,S+40-100 ms,A,20,20,40,0.666433719233266
L,smooth,S+40-100 ms,A,20,40,80,0.654745336768488
L,smooth,S+40-100 ms,A,20,80,160,0.632810208245801
L,smooth,S+40-100 ms,A,30,0,5,NaN
L,smooth,S+40-100 ms,A,30,5,10,0.631836670169751
L,smooth,S+40-100 ms,A,30,10,20,0.662331743548299
L,smooth,S+40-100 ms,A,30,20,40,0.658349895161199
L,smooth,S+40-100 ms,A,30,40,80,0.656081317900727
L,smooth,S+40-100 ms,A,30,80,160,0.636407745955865
L,smooth,S+40-100 ms,A,50,0,5,NaN
L,smooth,S+40-100 ms,A,50,5,10,NaN
L,smooth,S+40-100 ms,A,50,10,20,0.648959914300905
L,smooth,S+40-100 ms,A,50,20,40,0.650646029550325
L,smooth,S+40-100 ms,A,50,40,80,0.648731249787112
L,smooth,S+40-100 ms,A,50,80,160,0.642762515959868
L,smooth,S+40-100 ms,B,5,0,5,0.573151081277846
L,smooth,S+40-100 ms,B,5,5,10,0.578239856230292
L,smooth,S+40-100 ms,B,5,10,20,0.573802467028662
L,smooth,S+40-100 ms,B,5,20,40,0.56686999102469
L,smooth,S+40-100 ms,B,5,40,80,0.542678667549477
L,smooth,S+40-100 ms,B,5,80,160,0.518519062666949
L,smooth,S+40-100 ms,B,10,0,5,NaN
L,smooth,S+40-100 ms,B,10,5,10,0.569734391477646
L,smooth,S+40-100 ms,B,10,10,20,0.570493050803537
L,smooth,S+40-100 ms,B,10,20,40,0.564621299437473
L,smooth,S+40-100 ms,B,10,40,80,0.545426602421774
L,smooth,S+40-100 ms,B,10,80,160,0.519343807077027
L,smooth,S+40-100 ms,B,20,0,5,NaN
L,smooth,S+40-100 ms,B,20,5,10,0.552479921572381
L,smooth,S+40-100 ms,B,20,10,20,0.563844284217311
L,smooth,S+40-100 ms,B,20,20,40,0.560214148102179
L,smooth,S+40-100 ms,B,20,40,80,0.549264227828205
L,smooth,S+40-100 ms,B,20,80,160,0.52303558231192
L,smooth,S+40-100 ms,B,30,0,5,NaN
L,smooth,S+40-100 ms,B,30,5,10,0.580056483592394
L,smooth,S+40-100 ms,B,30,10,20,0.557030475654405
L,smooth,S+40-100 ms,B,30,20,40,0.553229301998971
L,smooth,S+40-100 ms,B,30,40,80,0.546179260792163
L,smooth,S+40-100 ms,B,30,80,160,0.528808791545434
L,smooth,S+40-100 ms,B,50,0,5,NaN
L,smooth,S+40-100 ms,B,50,5,10,NaN
L,smooth,S+40-100 ms,B,50,10,20,0.53499619816646
L,smooth,S+40-100 ms,B,50,20,40,0.542467842425895
L,smooth,S+40-100 ms,B,50,40,80,0.541174602421354
L,smooth,S+40-100 ms,B,50,80,160,0.534221387893923
GRAD3,smooth,S+40-100 ms,A,5,0,5,0.697845792037327
GRAD3,smooth,S+40-100 ms,A,5,5,10,0.727894282736406
GRAD3,smooth,S+40-100 ms,A,5,10,20,0.725111766571367
GRAD3,smooth,S+40-100 ms,A,5,20,40,0.71070054200534
GRAD3,smooth,S+40-100 ms,A,5,40,80,0.691759960426738
GRAD3,smooth,S+40-100 ms,A,5,80,160,0.677867981327475
GRAD3,smooth,S+40-100 ms,A,10,0,5,NaN
GRAD3,smooth,S+40-100 ms,A,10,5,10,0.719374484485861
GRAD3,smooth,S+40-100 ms,A,10,10,20,0.721470288517654
GRAD3,smooth,S+40-100 ms,A,10,20,40,0.710258718865456
GRAD3,smooth,S+40-100 ms,A,10,40,80,0.693139401783629
GRAD3,smooth,S+40-100 ms,A,10,80,160,0.679030536960748
GRAD3,smooth,S+40-100 ms,A,20,0,5,NaN
GRAD3,smooth,S+40-100 ms,A,20,5,10,0.701557081096137
GRAD3,smooth,S+40-100 ms,A,20,10,20,0.712419970563486
GRAD3,smooth,S+40-100 ms,A,20,20,40,0.70472547724149
GRAD3,smooth,S+40-100 ms,A,20,40,80,0.696573231048745
GRAD3,smooth,S+40-100 ms,A,20,80,160,0.682439556797241
GRAD3,smooth,S+40-100 ms,A,30,0,5,NaN
GRAD3,smooth,S+40-100 ms,A,30,5,10,0.696341559695148
GRAD3,smooth,S+40-100 ms,A,30,10,20,0.694312187237413
GRAD3,smooth,S+40-100 ms,A,30,20,40,0.700297138341967
GRAD3,smooth,S+40-100 ms,A,30,40,80,0.695190393665043
GRAD3,smooth,S+40-100 ms,A,30,80,160,0.685342135562592
GRAD3,smooth,S+40-100 ms,A,50,0,5,NaN
GRAD3,smooth,S+40-100 ms,A,50,5,10,NaN
GRAD3,smooth,S+40-100 ms,A,50,10,20,0.692876515130823
GRAD3,smooth,S+40-100 ms,A,50,20,40,0.692118610716853
GRAD3,smooth,S+40-100 ms,A,50,40,80,0.691820241121332
GRAD3,smooth,S+40-100 ms,A,50,80,160,0.68852399063966
GRAD3,smooth,S+40-100 ms,B,5,0,5,0.620785594145046
GRAD3,smooth,S+40-100 ms,B,5,5,10,0.65247628591562
GRAD3,smooth,S+40-100 ms,B,5,10,20,0.656900531393491
GRAD3,smooth,S+40-100 ms,B,5,20,40,0.626582150786951
GRAD3,smooth,S+40-100 ms,B,5,40,80,0.593548601519789
GRAD3,smooth,S+40-100 ms,B,5,80,160,0.5616466944886
GRAD3,smooth,S+40-100 ms,B,10,0,5,0.540296076727052
GRAD3,smooth,S+40-100 ms,B,10,5,10,0.659201314900091
GRAD3,smooth,S+40-100 ms,B,10,10,20,0.651007323250461
GRAD3,smooth,S+40-100 ms,B,10,20,40,0.629183054435815
GRAD3,smooth,S+40-100 ms,B,10,40,80,0.597068307518766
GRAD3,smooth,S+40-100 ms,B,10,80,160,0.562931519360231
GRAD3,smooth,S+40-100 ms,B,20,0,5,NaN
GRAD3,smooth,S+40-100 ms,B,20,5,10,0.621997264149048
GRAD3,smooth,S+40-100 ms,B,20,10,20,0.622696858085052
GRAD3,smooth,S+40-100 ms,B,20,20,40,0.625292609818329
GRAD3,smooth,S+40-100 ms,B,20,40,80,0.602104583776786
GRAD3,smooth,S+40-100 ms,B,20,80,160,0.570454725850029
GRAD3,smooth,S+40-100 ms,B,30,0,5,NaN
GRAD3,smooth,S+40-100 ms,B,30,5,10,0.605441983851187
GRAD3,smooth,S+40-100 ms,B,30,10,20,0.601794639024791
GRAD3,smooth,S+40-100 ms,B,30,20,40,0.612621790671407
GRAD3,smooth,S+40-100 ms,B,30,40,80,0.602529045214325
GRAD3,smooth,S+40-100 ms,B,30,80,160,0.577044039779042
GRAD3,smooth,S+40-100 ms,B,50,0,5,NaN
GRAD3,smooth,S+40-100 ms,B,50,5,10,NaN
GRAD3,smooth,S+40-100 ms,B,50,10,20,0.595977210680476
GRAD3,smooth,S+40-100 ms,B,50,20,40,0.598658188375473
GRAD3,smooth,S+40-100 ms,B,50,40,80,0.593817317619327
GRAD3,smooth,S+40-100 ms,B,50,80,160,0.584725767495804
A,smooth,S+40-100 ms,A,5,0,5,0.687854248335697
A,smooth,S+40-100 ms,A,5,5,10,0.699346420492936
A,smooth,S+40-100 ms,A,5,10,20,0.678122954478417
A,smooth,S+40-100 ms,A,5,20,40,0.652083168580803
A,smooth,S+40-100 ms,A,5,40,80,0.624127381444801
A,smooth,S+40-100 ms,A,5,80,160,0.582176101008351
A,smooth,S+40-100 ms,A,10,0,5,0.566177550017385
A,smooth,S+40-100 ms,A,10,5,10,0.678263932682478
A,smooth,S+40-100 ms,A,10,10,20,0.674411534227553
A,smooth,S+40-100 ms,A,10,20,40,0.653520499840137
A,smooth,S+40-100 ms,A,10,40,80,0.625147965035064
A,smooth,S+40-100 ms,A,10,80,160,0.584794695163961
A,smooth,S+40-100 ms,A,20,0,5,NaN
A,smooth,S+40-100 ms,A,20,5,10,0.648429487570336
A,smooth,S+40-100 ms,A,20,10,20,0.647511673821437
A,smooth,S+40-100 ms,A,20,20,40,0.646151617983181
A,smooth,S+40-100 ms,A,20,40,80,0.627100462900281
A,smooth,S+40-100 ms,A,20,80,160,0.592257159787787
A,smooth,S+40-100 ms,A,30,0,5,NaN
A,smooth,S+40-100 ms,A,30,5,10,0.640825896620431
A,smooth,S+40-100 ms,A,30,10,20,0.635611445561156
A,smooth,S+40-100 ms,A,30,20,40,0.63845724992896
A,smooth,S+40-100 ms,A,30,40,80,0.625660479995385
A,smooth,S+40-100 ms,A,30,80,160,0.600874773941953
A,smooth,S+40-100 ms,A,50,0,5,NaN
A,smooth,S+40-100 ms,A,50,5,10,NaN
A,smooth,S+40-100 ms,A,50,10,20,0.616741238303487
A,smooth,S+40-100 ms,A,50,20,40,0.622465963655708
A,smooth,S+40-100 ms,A,50,40,80,0.619129406792851
A,smooth,S+40-100 ms,A,50,80,160,0.609240860548873
A,smooth,S+40-100 ms,B,5,0,5,0.593099247696049
A,smooth,S+40-100 ms,B,5,5,10,0.608186202587864
A,smooth,S+40-100 ms,B,5,10,20,0.607192035007956
A,smooth,S+40-100 ms,B,5,20,40,0.601482665597155
A,smooth,S+40-100 ms,B,5,40,80,0.577360066492977
A,smooth,S+40-100 ms,B,5,80,160,0.571839583390096
A,smooth,S+40-100 ms,B,10,0,5,NaN
A,smooth,S+40-100 ms,B,10,5,10,0.601529133091111
A,smooth,S+40-100 ms,B,10,10,20,0.608985313990166
A,smooth,S+40-100 ms,B,10,20,40,0.599771943720921
A,smooth,S+40-100 ms,B,10,40,80,0.580240137303276
A,smooth,S+40-100 ms,B,10,80,160,0.57171695755819
A,smooth,S+40-100 ms,B,20,0,5,NaN
A,smooth,S+40-100 ms,B,20,5,10,0.60610917626394
A,smooth,S+40-100 ms,B,20,10,20,0.594621496125054
A,smooth,S+40-100 ms,B,20,20,40,0.594125964285214
A,smooth,S+40-100 ms,B,20,40,80,0.583369714471898
A,smooth,S+40-100 ms,B,20,80,160,0.574461433832244
A,smooth,S+40-100 ms,B,30,0,5,NaN
A,smooth,S+40-100 ms,B,30,5,10,0.539972752788774
A,smooth,S+40-100 ms,B,30,10,20,0.574786552354459
A,smooth,S+40-100 ms,B,30,20,40,0.586759757817954
A,smooth,S+40-100 ms,B,30,40,80,0.587174920964518
A,smooth,S+40-100 ms,B,30,80,160,0.575869205177356
A,smooth,S+40-100 ms,B,50,0,5,NaN
A,smooth,S+40-100 ms,B,50,5,10,NaN
A,smooth,S+40-100 ms,B,50,10,20,0.578299618304144
A,smooth,S+40-100 ms,B,50,20,40,0.584057941000009
A,smooth,S+40-100 ms,B,50,40,80,0.580964646803848
A,smooth,S+40-100 ms,B,50,80,160,0.578389767663193
L6,det,S+40-100 ms,A,5,0,5,0.670931522178641
L6,det,S+40-100 ms,A,5,5,10,0.663905820454247
L6,det,S+40-100 ms,A,5,10,20,0.631446343955665
L6,det,S+40-100 ms,A,5,20,40,0.590613517190159
L6,det,S+40-100 ms,A,5,40,80,0.573496756143196
L6,det,S+40-100 ms,A,5,80,160,0.566551300546442
L6,det,S+40-100 ms,A,10,0,5,NaN
L6,det,S+40-100 ms,A,10,5,10,0.62476146372527
L6,det,S+40-100 ms,A,10,10,20,0.620091166294648
L6,det,S+40-100 ms,A,10,20,40,0.597444857887615
L6,det,S+40-100 ms,A,10,40,80,0.574407479633141
L6,det,S+40-100 ms,A,10,80,160,0.567673543916723
L6,det,S+40-100 ms,A,20,0,5,NaN
L6,det,S+40-100 ms,A,20,5,10,0.593223010080971
L6,det,S+40-100 ms,A,20,10,20,0.603377910143192
L6,det,S+40-100 ms,A,20,20,40,0.591798838279659
L6,det,S+40-100 ms,A,20,40,80,0.579471775050632
L6,det,S+40-100 ms,A,20,80,160,0.56934130264514
L6,det,S+40-100 ms,A,30,0,5,NaN
L6,det,S+40-100 ms,A,30,5,10,0.568172326608533
L6,det,S+40-100 ms,A,30,10,20,0.586414434905321
L6,det,S+40-100 ms,A,30,20,40,0.587116041935226
L6,det,S+40-100 ms,A,30,40,80,0.579762980074078
L6,det,S+40-100 ms,A,30,80,160,0.571867454218168
L6,det,S+40-100 ms,A,50,0,5,NaN
L6,det,S+40-100 ms,A,50,5,10,NaN
L6,det,S+40-100 ms,A,50,10,20,0.578308004712668
L6,det,S+40-100 ms,A,50,20,40,0.575866060860849
L6,det,S+40-100 ms,A,50,40,80,0.576790457554318
L6,det,S+40-100 ms,A,50,80,160,0.573831895467039
L6,det,S+40-100 ms,B,5,0,5,0.679637928079832
L6,det,S+40-100 ms,B,5,5,10,0.673849715990935
L6,det,S+40-100 ms,B,5,10,20,0.631839628347888
L6,det,S+40-100 ms,B,5,20,40,0.569432917907858
L6,det,S+40-100 ms,B,5,40,80,0.540077887301172
L6,det,S+40-100 ms,B,5,80,160,0.489639291490635
L6,det,S+40-100 ms,B,10,0,5,NaN
L6,det,S+40-100 ms,B,10,5,10,0.631725078083387
L6,det,S+40-100 ms,B,10,10,20,0.613131066114472
L6,det,S+40-100 ms,B,10,20,40,0.577876815505061
L6,det,S+40-100 ms,B,10,40,80,0.542947871813344
L6,det,S+40-100 ms,B,10,80,160,0.491974765056506
L6,det,S+40-100 ms,B,20,0,5,NaN
L6,det,S+40-100 ms,B,20,5,10,0.573615294342519
L6,det,S+40-100 ms,B,20,10,20,0.580014844039538
L6,det,S+40-100 ms,B,20,20,40,0.570474442008344
L6,det,S+40-100 ms,B,20,40,80,0.547889642579346
L6,det,S+40-100 ms,B,20,80,160,0.500339764845472
L6,det,S+40-100 ms,B,30,0,5,NaN
L6,det,S+40-100 ms,B,30,5,10,0.565960547188358
L6,det,S+40-100 ms,B,30,10,20,0.562866177882989
L6,det,S+40-100 ms,B,30,20,40,0.557503795391571
L6,det,S+40-100 ms,B,30,40,80,0.546516673670002
L6,det,S+40-100 ms,B,30,80,160,0.511017956712857
L6,det,S+40-100 ms,B,50,0,5,NaN
L6,det,S+40-100 ms,B,50,5,10,NaN
L6,det,S+40-100 ms,B,50,10,20,0.530665314859038
L6,det,S+40-100 ms,B,50,20,40,0.537355644221338
L6,det,S+40-100 ms,B,50,40,80,0.53357610984594
L6,det,S+40-100 ms,B,50,80,160,0.522241715909609
FZ,det,S+40-100 ms,A,5,0,5,0.764387487003704
FZ,det,S+40-100 ms,A,5,5,10,0.775326635896903
FZ,det,S+40-100 ms,A,5,10,20,0.749051799022179
FZ,det,S+40-100 ms,A,5,20,40,0.68532011554598
FZ,det,S+40-100 ms,A,5,40,80,0.631529941568435
FZ,det,S+40-100 ms,A,5,80,160,0.628371830231001
FZ,det,S+40-100 ms,A,10,0,5,NaN
FZ,det,S+40-100 ms,A,10,5,10,0.731245903402726
FZ,det,S+40-100 ms,A,10,10,20,0.73215522421548
FZ,det,S+40-100 ms,A,10,20,40,0.692098826859736
FZ,det,S+40-100 ms,A,10,40,80,0.636715146313302
FZ,det,S+40-100 ms,A,10,80,160,0.630034959817376
FZ,det,S+40-100 ms,A,20,0,5,NaN
FZ,det,S+40-100 ms,A,20,5,10,0.694217486171486
FZ,det,S+40-100 ms,A,20,10,20,0.687671917844475
FZ,det,S+40-100 ms,A,20,20,40,0.679928563272805
FZ,det,S+40-100 ms,A,20,40,80,0.651002878928283
FZ,det,S+40-100 ms,A,20,80,160,0.632117331340045
FZ,det,S+40-100 ms,A,30,0,5,NaN
FZ,det,S+40-100 ms,A,30,5,10,0.62038589707734
FZ,det,S+40-100 ms,A,30,10,20,0.665642832093708
FZ,det,S+40-100 ms,A,30,20,40,0.663037410946979
FZ,det,S+40-100 ms,A,30,40,80,0.654012716284677
FZ,det,S+40-100 ms,A,30,80,160,0.636055084049255
FZ,det,S+40-100 ms,A,50,0,5,NaN
FZ,det,S+40-100 ms,A,50,5,10,NaN
FZ,det,S+40-100 ms,A,50,10,20,0.643787532793535
FZ,det,S+40-100 ms,A,50,20,40,0.646552786657454
FZ,det,S+40-100 ms,A,50,40,80,0.647450910979621
FZ,det,S+40-100 ms,A,50,80,160,0.641271711989985
FZ,det,S+40-100 ms,B,5,0,5,0.733428987622719
FZ,det,S+40-100 ms,B,5,5,10,0.736265367543908
FZ,det,S+40-100 ms,B,5,10,20,0.70683760018654
FZ,det,S+40-100 ms,B,5,20,40,0.662768797315436
FZ,det,S+40-100 ms,B,5,40,80,0.622434642964244
FZ,det,S+40-100 ms,B,5,80,160,0.600935417369442
FZ,det,S+40-100 ms,B,10,0,5,0.621945997610761
FZ,det,S+40-100 ms,B,10,5,10,0.70799490713718
FZ,det,S+40-100 ms,B,10,10,20,0.690561678801405
FZ,det,S+40-100 ms,B,10,20,40,0.669514802396793
FZ,det,S+40-100 ms,B,10,40,80,0.62655583583085
FZ,det,S+40-100 ms,B,10,80,160,0.601841449759773
FZ,det,S+40-100 ms,B,20,0,5,NaN
FZ,det,S+40-100 ms,B,20,5,10,0.668269528353004
FZ,det,S+40-100 ms,B,20,10,20,0.667056899412853
FZ,det,S+40-100 ms,B,20,20,40,0.660180884590701
FZ,det,S+40-100 ms,B,20,40,80,0.636040173305447
FZ,det,S+40-100 ms,B,20,80,160,0.606126742179952
FZ,det,S+40-100 ms,B,30,0,5,NaN
FZ,det,S+40-100 ms,B,30,5,10,0.599978098607814
FZ,det,S+40-100 ms,B,30,10,20,0.649654738780789
FZ,det,S+40-100 ms,B,30,20,40,0.648940164124336
FZ,det,S+40-100 ms,B,30,40,80,0.636935250319204
FZ,det,S+40-100 ms,B,30,80,160,0.612627034481938
FZ,det,S+40-100 ms,B,50,0,5,NaN
FZ,det,S+40-100 ms,B,50,5,10,NaN
FZ,det,S+40-100 ms,B,50,10,20,0.636585407931524
FZ,det,S+40-100 ms,B,50,20,40,0.630480039401458
FZ,det,S+40-100 ms,B,50,40,80,0.629605534579291
FZ,det,S+40-100 ms,B,50,80,160,0.61996446922144
P3,pink,S+40-100 ms,A,5,0,5,0.746168346647644
P3,pink,S+40-100 ms,A,5,5,10,0.751669281579055
P3,pink,S+40-100 ms,A,5,10,20,0.70103125518252
P3,pink,S+40-100 ms,A,5,20,40,0.612585138558503
P3,pink,S+40-100 ms,A,5,40,80,0.574733577889684
P3,pink,S+40-100 ms,A,5,80,160,0.514076527112834
P3,pink,S+40-100 ms,A,10,0,5,NaN
P3,pink,S+40-100 ms,A,10,5,10,0.685119506596935
P3,pink,S+40-100 ms,A,10,10,20,0.67142526603408
P3,pink,S+40-100 ms,A,10,20,40,0.626766012462787
P3,pink,S+40-100 ms,A,10,40,80,0.577388137182997
P3,pink,S+40-100 ms,A,10,80,160,0.516174061423388
P3,pink,S+40-100 ms,A,20,0,5,NaN
P3,pink,S+40-100 ms,A,20,5,10,0.63495696076262
P3,pink,S+40-100 ms,A,20,10,20,0.626175929009339
P3,pink,S+40-100 ms,A,20,20,40,0.617163155185501
P3,pink,S+40-100 ms,A,20,40,80,0.584858994784128
P3,pink,S+40-100 ms,A,20,80,160,0.526453932144254
P3,pink,S+40-100 ms,A,30,0,5,NaN
P3,pink,S+40-100 ms,A,30,5,10,0.540688634222475
P3,pink,S+40-100 ms,A,30,10,20,0.613999040472221
P3,pink,S+40-100 ms,A,30,20,40,0.596466663251789
P3,pink,S+40-100 ms,A,30,40,80,0.582354751662528
P3,pink,S+40-100 ms,A,30,80,160,0.539534408430767
P3,pink,S+40-100 ms,A,50,0,5,NaN
P3,pink,S+40-100 ms,A,50,5,10,NaN
P3,pink,S+40-100 ms,A,50,10,20,0.57614753783634
P3,pink,S+40-100 ms,A,50,20,40,0.572245139878278
P3,pink,S+40-100 ms,A,50,40,80,0.569392957512296
P3,pink,S+40-100 ms,A,50,80,160,0.552033892998868
P3,pink,S+40-100 ms,B,5,0,5,0.694195082724846
P3,pink,S+40-100 ms,B,5,5,10,0.693677017868455
P3,pink,S+40-100 ms,B,5,10,20,0.648404708692137
P3,pink,S+40-100 ms,B,5,20,40,0.570260754105993
P3,pink,S+40-100 ms,B,5,40,80,0.511165349603257
P3,pink,S+40-100 ms,B,5,80,160,0.481183360231225
P3,pink,S+40-100 ms,B,10,0,5,NaN
P3,pink,S+40-100 ms,B,10,5,10,0.632129000028858
P3,pink,S+40-100 ms,B,10,10,20,0.628867181623243
P3,pink,S+40-100 ms,B,10,20,40,0.57865721308559
P3,pink,S+40-100 ms,B,10,40,80,0.517954793707341
P3,pink,S+40-100 ms,B,10,80,160,0.482096032649209
P3,pink,S+40-100 ms,B,20,0,5,NaN
P3,pink,S+40-100 ms,B,20,5,10,0.584900499933369
P3,pink,S+40-100 ms,B,20,10,20,0.573454468735483
P3,pink,S+40-100 ms,B,20,20,40,0.56635019562553
P3,pink,S+40-100 ms,B,20,40,80,0.529148512506699
P3,pink,S+40-100 ms,B,20,80,160,0.487855541602447
P3,pink,S+40-100 ms,B,30,0,5,NaN
P3,pink,S+40-100 ms,B,30,5,10,0.559618903304128
P3,pink,S+40-100 ms,B,30,10,20,0.54496241327401
P3,pink,S+40-100 ms,B,30,20,40,0.547013299173285
P3,pink,S+40-100 ms,B,30,40,80,0.529480055111992
P3,pink,S+40-100 ms,B,30,80,160,0.496199102869979
P3,pink,S+40-100 ms,B,50,0,5,NaN
P3,pink,S+40-100 ms,B,50,5,10,NaN
P3,pink,S+40-100 ms,B,50,10,20,0.524960104576106
P3,pink,S+40-100 ms,B,50,20,40,0.520257494146986
P3,pink,S+40-100 ms,B,50,40,80,0.519374229147482
P3,pink,S+40-100 ms,B,50,80,160,0.506959575250551
P6,pink,S+40-100 ms,A,5,0,5,0.727745309043502
P6,pink,S+40-100 ms,A,5,5,10,0.727101075214042
P6,pink,S+40-100 ms,A,5,10,20,0.689184750165405
P6,pink,S+40-100 ms,A,5,20,40,0.620269374288437
P6,pink,S+40-100 ms,A,5,40,80,0.570416498583279
P6,pink,S+40-100 ms,A,5,80,160,0.513175046937487
P6,pink,S+40-100 ms,A,10,0,5,NaN
P6,pink,S+40-100 ms,A,10,5,10,0.6769188331768
P6,pink,S+40-100 ms,A,10,10,20,0.66615933463424
P6,pink,S+40-100 ms,A,10,20,40,0.629097398613535
P6,pink,S+40-100 ms,A,10,40,80,0.574411227555014
P6,pink,S+40-100 ms,A,10,80,160,0.514820256002184
P6,pink,S+40-100 ms,A,20,0,5,NaN
P6,pink,S+40-100 ms,A,20,5,10,0.615989826597079
P6,pink,S+40-100 ms,A,20,10,20,0.625861400640867
P6,pink,S+40-100 ms,A,20,20,40,0.617685184795829
P6,pink,S+40-100 ms,A,20,40,80,0.582531851683493
P6,pink,S+40-100 ms,A,20,80,160,0.523219956191921
P6,pink,S+40-100 ms,A,30,0,5,NaN
P6,pink,S+40-100 ms,A,30,5,10,0.612209246026952
P6,pink,S+40-100 ms,A,30,10,20,0.595496666434335
P6,pink,S+40-100 ms,A,30,20,40,0.597916640305303
P6,pink,S+40-100 ms,A,30,40,80,0.579627599787766
P6,pink,S+40-100 ms,A,30,80,160,0.536726993317061
P6,pink,S+40-100 ms,A,50,0,5,NaN
P6,pink,S+40-100 ms,A,50,5,10,NaN
P6,pink,S+40-100 ms,A,50,10,20,0.55991688267697
P6,pink,S+40-100 ms,A,50,20,40,0.569323167252411
P6,pink,S+40-100 ms,A,50,40,80,0.566314754361111
P6,pink,S+40-100 ms,A,50,80,160,0.550579482300031
P6,pink,S+40-100 ms,B,5,0,5,0.678797156506189
P6,pink,S+40-100 ms,B,5,5,10,0.677690387481144
P6,pink,S+40-100 ms,B,5,10,20,0.628839930922243
P6,pink,S+40-100 ms,B,5,20,40,0.542912841124039
P6,pink,S+40-100 ms,B,5,40,80,0.497365812452323
P6,pink,S+40-100 ms,B,5,80,160,0.474643176508236
P6,pink,S+40-100 ms,B,10,0,5,NaN
P6,pink,S+40-100 ms,B,10,5,10,0.611531918517945
P6,pink,S+40-100 ms,B,10,10,20,0.602770704731483
P6,pink,S+40-100 ms,B,10,20,40,0.554922319556909
P6,pink,S+40-100 ms,B,10,40,80,0.502135773157609
P6,pink,S+40-100 ms,B,10,80,160,0.4753517885035
P6,pink,S+40-100 ms,B,20,0,5,NaN
P6,pink,S+40-100 ms,B,20,5,10,0.555833980132751
P6,pink,S+40-100 ms,B,20,10,20,0.554738893274081
P6,pink,S+40-100 ms,B,20,20,40,0.541385203796991
P6,pink,S+40-100 ms,B,20,40,80,0.512117874728157
P6,pink,S+40-100 ms,B,20,80,160,0.479475709052705
P6,pink,S+40-100 ms,B,30,0,5,NaN
P6,pink,S+40-100 ms,B,30,5,10,0.497737245342641
P6,pink,S+40-100 ms,B,30,10,20,0.533488277205412
P6,pink,S+40-100 ms,B,30,20,40,0.52473551162965
P6,pink,S+40-100 ms,B,30,40,80,0.511698965717913
P6,pink,S+40-100 ms,B,30,80,160,0.486659762561588
P6,pink,S+40-100 ms,B,50,0,5,NaN
P6,pink,S+40-100 ms,B,50,5,10,NaN
P6,pink,S+40-100 ms,B,50,10,20,0.500290138739699
P6,pink,S+40-100 ms,B,50,20,40,0.507598799911439
P6,pink,S+40-100 ms,B,50,40,80,0.504202136961056
P6,pink,S+40-100 ms,B,50,80,160,0.494727083405074
E15,exp,S+40-100 ms,A,5,0,5,0.723075709384437
E15,exp,S+40-100 ms,A,5,5,10,0.726527213800111
E15,exp,S+40-100 ms,A,5,10,20,0.691598393991913
E15,exp,S+40-100 ms,A,5,20,40,0.606971822555882
E15,exp,S+40-100 ms,A,5,40,80,0.547349770029529
E15,exp,S+40-100 ms,A,5,80,160,0.504180037705957
E15,exp,S+40-100 ms,A,10,0,5,NaN
E15,exp,S+40-100 ms,A,10,5,10,0.681716275046595
E15,exp,S+40-100 ms,A,10,10,20,0.661517802038992
E15,exp,S+40-100 ms,A,10,20,40,0.615187934948513
E15,exp,S+40-100 ms,A,10,40,80,0.55222933197426
E15,exp,S+40-100 ms,A,10,80,160,0.506102716491741
E15,exp,S+40-100 ms,A,20,0,5,NaN
E15,exp,S+40-100 ms,A,20,5,10,0.613641272685195
E15,exp,S+40-100 ms,A,20,10,20,0.613873740591721
E15,exp,S+40-100 ms,A,20,20,40,0.598828868247238
E15,exp,S+40-100 ms,A,20,40,80,0.564077583560522
E15,exp,S+40-100 ms,A,20,80,160,0.514693935198647
E15,exp,S+40-100 ms,A,30,0,5,NaN
E15,exp,S+40-100 ms,A,30,5,10,0.550842841190567
E15,exp,S+40-100 ms,A,30,10,20,0.582327757619254
E15,exp,S+40-100 ms,A,30,20,40,0.581908117589518
E15,exp,S+40-100 ms,A,30,40,80,0.562678922137343
E15,exp,S+40-100 ms,A,30,80,160,0.525880578369006
E15,exp,S+40-100 ms,A,50,0,5,NaN
E15,exp,S+40-100 ms,A,50,5,10,NaN
E15,exp,S+40-100 ms,A,50,10,20,0.554213385806872
E15,exp,S+40-100 ms,A,50,20,40,0.556255037823237
E15,exp,S+40-100 ms,A,50,40,80,0.549401120775193
E15,exp,S+40-100 ms,A,50,80,160,0.536956279039677
E15,exp,S+40-100 ms,B,5,0,5,0.715359976694201
E15,exp,S+40-100 ms,B,5,5,10,0.711540055027419
E15,exp,S+40-100 ms,B,5,10,20,0.654772650811239
E15,exp,S+40-100 ms,B,5,20,40,0.553077675779748
E15,exp,S+40-100 ms,B,5,40,80,0.479779713266145
E15,exp,S+40-100 ms,B,5,80,160,0.479005150471153
E15,exp,S+40-100 ms,B,10,0,5,NaN
E15,exp,S+40-100 ms,B,10,5,10,0.642773849069782
E15,exp,S+40-100 ms,B,10,10,20,0.624131211844428
E15,exp,S+40-100 ms,B,10,20,40,0.563039092627209
E15,exp,S+40-100 ms,B,10,40,80,0.487687744222257
E15,exp,S+40-100 ms,B,10,80,160,0.478651791228234
E15,exp,S+40-100 ms,B,20,0,5,NaN
E15,exp,S+40-100 ms,B,20,5,10,0.542022355026039
E15,exp,S+40-100 ms,B,20,10,20,0.559625553435879
E15,exp,S+40-100 ms,B,20,20,40,0.54549037963213
E15,exp,S+40-100 ms,B,20,40,80,0.505136847280015
E15,exp,S+40-100 ms,B,20,80,160,0.479750370532307
E15,exp,S+40-100 ms,B,30,0,5,NaN
E15,exp,S+40-100 ms,B,30,5,10,0.496721264723676
E15,exp,S+40-100 ms,B,30,10,20,0.529102370528073
E15,exp,S+40-100 ms,B,30,20,40,0.521956080246243
E15,exp,S+40-100 ms,B,30,40,80,0.5076880322746
E15,exp,S+40-100 ms,B,30,80,160,0.486106865022639
E15,exp,S+40-100 ms,B,50,0,5,NaN
E15,exp,S+40-100 ms,B,50,5,10,NaN
E15,exp,S+40-100 ms,B,50,10,20,0.499987818710361
E15,exp,S+40-100 ms,B,50,20,40,0.502534874569718
E15,exp,S+40-100 ms,B,50,40,80,0.502205402619574
E15,exp,S+40-100 ms,B,50,80,160,0.493710388234651
G50,gau,S+40-100 ms,A,5,0,5,0.683554911376845
G50,gau,S+40-100 ms,A,5,5,10,0.674871554665476
G50,gau,S+40-100 ms,A,5,10,20,0.63874299178985
G50,gau,S+40-100 ms,A,5,20,40,0.552298175928632
G50,gau,S+40-100 ms,A,5,40,80,0.495619784317632
G50,gau,S+40-100 ms,A,5,80,160,0.473257860737817
G50,gau,S+40-100 ms,A,10,0,5,0.620327224318201
G50,gau,S+40-100 ms,A,10,5,10,0.615836917790788
G50,gau,S+40-100 ms,A,10,10,20,0.608814513023859
G50,gau,S+40-100 ms,A,10,20,40,0.561964482305493
G50,gau,S+40-100 ms,A,10,40,80,0.501535793194827
G50,gau,S+40-100 ms,A,10,80,160,0.473532514018889
G50,gau,S+40-100 ms,A,20,0,5,NaN
G50,gau,S+40-100 ms,A,20,5,10,0.547603491824907
G50,gau,S+40-100 ms,A,20,10,20,0.558984484715837
G50,gau,S+40-100 ms,A,20,20,40,0.545655791959723
G50,gau,S+40-100 ms,A,20,40,80,0.514525477865399
G50,gau,S+40-100 ms,A,20,80,160,0.47777480408976
G50,gau,S+40-100 ms,A,30,0,5,NaN
G50,gau,S+40-100 ms,A,30,5,10,0.539603871412189
G50,gau,S+40-100 ms,A,30,10,20,0.534496408553444
G50,gau,S+40-100 ms,A,30,20,40,0.528724205910471
G50,gau,S+40-100 ms,A,30,40,80,0.513110176386444
G50,gau,S+40-100 ms,A,30,80,160,0.48568292902686
G50,gau,S+40-100 ms,A,50,0,5,NaN
G50,gau,S+40-100 ms,A,50,5,10,NaN
G50,gau,S+40-100 ms,A,50,10,20,0.500380981413033
G50,gau,S+40-100 ms,A,50,20,40,0.509769612976123
G50,gau,S+40-100 ms,A,50,40,80,0.504553630262922
G50,gau,S+40-100 ms,A,50,80,160,0.494145165946313
G50,gau,S+40-100 ms,B,5,0,5,0.694042913803008
G50,gau,S+40-100 ms,B,5,5,10,0.689927196737503
G50,gau,S+40-100 ms,B,5,10,20,0.6454110762277
G50,gau,S+40-100 ms,B,5,20,40,0.568942132639719
G50,gau,S+40-100 ms,B,5,40,80,0.489048080638537
G50,gau,S+40-100 ms,B,5,80,160,0.467694672974013
G50,gau,S+40-100 ms,B,10,0,5,NaN
G50,gau,S+40-100 ms,B,10,5,10,0.62780263007353
G50,gau,S+40-100 ms,B,10,10,20,0.621527520372926
G50,gau,S+40-100 ms,B,10,20,40,0.57591094934425
G50,gau,S+40-100 ms,B,10,40,80,0.49621853047817
G50,gau,S+40-100 ms,B,10,80,160,0.468394820236553
G50,gau,S+40-100 ms,B,20,0,5,NaN
G50,gau,S+40-100 ms,B,20,5,10,0.568061585165175
G50,gau,S+40-100 ms,B,20,10,20,0.576446508681633
G50,gau,S+40-100 ms,B,20,20,40,0.554500424349415
G50,gau,S+40-100 ms,B,20,40,80,0.512222940200295
G50,gau,S+40-100 ms,B,20,80,160,0.473208183573449
G50,gau,S+40-100 ms,B,30,0,5,NaN
G50,gau,S+40-100 ms,B,30,5,10,0.522201917759316
G50,gau,S+40-100 ms,B,30,10,20,0.539285072787066
G50,gau,S+40-100 ms,B,30,20,40,0.529757489820342
G50,gau,S+40-100 ms,B,30,40,80,0.513677164408582
G50,gau,S+40-100 ms,B,30,80,160,0.48166479753986
G50,gau,S+40-100 ms,B,50,0,5,NaN
G50,gau,S+40-100 ms,B,50,5,10,NaN
G50,gau,S+40-100 ms,B,50,10,20,0.506591764186755
G50,gau,S+40-100 ms,B,50,20,40,0.507217718977406
G50,gau,S+40-100 ms,B,50,40,80,0.504141702172135
G50,gau,S+40-100 ms,B,50,80,160,0.491209892735785
data,data,S+50-110 ms,A,5,0,5,0.666767418274534
data,data,S+50-110 ms,A,5,5,10,0.662141210815678
data,data,S+50-110 ms,A,5,10,20,0.620322993054195
data,data,S+50-110 ms,A,5,20,40,0.557638961483907
data,data,S+50-110 ms,A,5,40,80,0.544189696318201
data,data,S+50-110 ms,A,5,80,160,0.53621528729546
data,data,S+50-110 ms,A,10,0,5,NaN
data,data,S+50-110 ms,A,10,5,10,0.593115265298158
data,data,S+50-110 ms,A,10,10,20,0.601885022411486
data,data,S+50-110 ms,A,10,20,40,0.568862405302199
data,data,S+50-110 ms,A,10,40,80,0.54555704009488
data,data,S+50-110 ms,A,10,80,160,0.536819282698539
data,data,S+50-110 ms,A,20,0,5,NaN
data,data,S+50-110 ms,A,20,5,10,0.577453208002101
data,data,S+50-110 ms,A,20,10,20,0.566029842745101
data,data,S+50-110 ms,A,20,20,40,0.564663930358993
data,data,S+50-110 ms,A,20,40,80,0.551700231736608
data,data,S+50-110 ms,A,20,80,160,0.538462008236448
data,data,S+50-110 ms,A,30,0,5,NaN
data,data,S+50-110 ms,A,30,5,10,0.577467616475139
data,data,S+50-110 ms,A,30,10,20,0.561093736264592
data,data,S+50-110 ms,A,30,20,40,0.557521675959308
data,data,S+50-110 ms,A,30,40,80,0.552242172619325
data,data,S+50-110 ms,A,30,80,160,0.541584622529769
data,data,S+50-110 ms,A,50,0,5,NaN
data,data,S+50-110 ms,A,50,5,10,NaN
data,data,S+50-110 ms,A,50,10,20,0.542257079197786
data,data,S+50-110 ms,A,50,20,40,0.54885173923074
data,data,S+50-110 ms,A,50,40,80,0.546872770088445
data,data,S+50-110 ms,A,50,80,160,0.545145391482144
data,data,S+50-110 ms,B,5,0,5,0.534045599565435
data,data,S+50-110 ms,B,5,5,10,0.528311729381126
data,data,S+50-110 ms,B,5,10,20,0.501509736232507
data,data,S+50-110 ms,B,5,20,40,0.456915076265246
data,data,S+50-110 ms,B,5,40,80,0.449727563817389
data,data,S+50-110 ms,B,5,80,160,0.440726463818806
data,data,S+50-110 ms,B,10,0,5,NaN
data,data,S+50-110 ms,B,10,5,10,0.496713295962196
data,data,S+50-110 ms,B,10,10,20,0.486712641630289
data,data,S+50-110 ms,B,10,20,40,0.464456923249973
data,data,S+50-110 ms,B,10,40,80,0.451019601868637
data,data,S+50-110 ms,B,10,80,160,0.44110651300388
data,data,S+50-110 ms,B,20,0,5,NaN
data,data,S+50-110 ms,B,20,5,10,0.464975281143149
data,data,S+50-110 ms,B,20,10,20,0.465969052814312
data,data,S+50-110 ms,B,20,20,40,0.463873605518005
data,data,S+50-110 ms,B,20,40,80,0.454892421659135
data,data,S+50-110 ms,B,20,80,160,0.442803903250299
data,data,S+50-110 ms,B,30,0,5,NaN
data,data,S+50-110 ms,B,30,5,10,0.479006604602288
data,data,S+50-110 ms,B,30,10,20,0.4595695754758
data,data,S+50-110 ms,B,30,20,40,0.456408626877876
data,data,S+50-110 ms,B,30,40,80,0.454952289560874
data,data,S+50-110 ms,B,30,80,160,0.445888706636923
data,data,S+50-110 ms,B,50,0,5,NaN
data,data,S+50-110 ms,B,50,5,10,NaN
data,data,S+50-110 ms,B,50,10,20,0.462310222534401
data,data,S+50-110 ms,B,50,20,40,0.454337138423108
data,data,S+50-110 ms,B,50,40,80,0.45160386177976
data,data,S+50-110 ms,B,50,80,160,0.448472737109231
H,smooth,S+50-110 ms,A,5,0,5,0.617033122895494
H,smooth,S+50-110 ms,A,5,5,10,0.64861910677353
H,smooth,S+50-110 ms,A,5,10,20,0.630753860141536
H,smooth,S+50-110 ms,A,5,20,40,0.607210483616819
H,smooth,S+50-110 ms,A,5,40,80,0.591590952881759
H,smooth,S+50-110 ms,A,5,80,160,0.579141308228629
H,smooth,S+50-110 ms,A,10,0,5,NaN
H,smooth,S+50-110 ms,A,10,5,10,0.621260597752711
H,smooth,S+50-110 ms,A,10,10,20,0.623948703265306
H,smooth,S+50-110 ms,A,10,20,40,0.610735362129619
H,smooth,S+50-110 ms,A,10,40,80,0.592933925118078
H,smooth,S+50-110 ms,A,10,80,160,0.579793078515322
H,smooth,S+50-110 ms,A,20,0,5,NaN
H,smooth,S+50-110 ms,A,20,5,10,0.621971901554622
H,smooth,S+50-110 ms,A,20,10,20,0.601904765164544
H,smooth,S+50-110 ms,A,20,20,40,0.606476646522464
H,smooth,S+50-110 ms,A,20,40,80,0.595901401364666
H,smooth,S+50-110 ms,A,20,80,160,0.581962070025039
H,smooth,S+50-110 ms,A,30,0,5,NaN
H,smooth,S+50-110 ms,A,30,5,10,0.651131961541495
H,smooth,S+50-110 ms,A,30,10,20,0.611585890951237
H,smooth,S+50-110 ms,A,30,20,40,0.59973024605466
H,smooth,S+50-110 ms,A,30,40,80,0.596523271470541
H,smooth,S+50-110 ms,A,30,80,160,0.58463322625481
H,smooth,S+50-110 ms,A,50,0,5,NaN
H,smooth,S+50-110 ms,A,50,5,10,NaN
H,smooth,S+50-110 ms,A,50,10,20,0.594682925831829
H,smooth,S+50-110 ms,A,50,20,40,0.59275827478804
H,smooth,S+50-110 ms,A,50,40,80,0.592888794190322
H,smooth,S+50-110 ms,A,50,80,160,0.588506290447216
H,smooth,S+50-110 ms,B,5,0,5,0.615028035742149
H,smooth,S+50-110 ms,B,5,5,10,0.622052247080568
H,smooth,S+50-110 ms,B,5,10,20,0.625688189554816
H,smooth,S+50-110 ms,B,5,20,40,0.605180266761144
H,smooth,S+50-110 ms,B,5,40,80,0.569238887102061
H,smooth,S+50-110 ms,B,5,80,160,0.541855559909151
H,smooth,S+50-110 ms,B,10,0,5,NaN
H,smooth,S+50-110 ms,B,10,5,10,0.624365907456304
H,smooth,S+50-110 ms,B,10,10,20,0.621445478876501
H,smooth,S+50-110 ms,B,10,20,40,0.605974797955012
H,smooth,S+50-110 ms,B,10,40,80,0.57058662241294
H,smooth,S+50-110 ms,B,10,80,160,0.543314364866304
H,smooth,S+50-110 ms,B,20,0,5,NaN
H,smooth,S+50-110 ms,B,20,5,10,0.588427620363145
H,smooth,S+50-110 ms,B,20,10,20,0.593895714841762
H,smooth,S+50-110 ms,B,20,20,40,0.595538807940872
H,smooth,S+50-110 ms,B,20,40,80,0.576169214938412
H,smooth,S+50-110 ms,B,20,80,160,0.548641289883135
H,smooth,S+50-110 ms,B,30,0,5,NaN
H,smooth,S+50-110 ms,B,30,5,10,0.610716125793577
H,smooth,S+50-110 ms,B,30,10,20,0.58663384505853
H,smooth,S+50-110 ms,B,30,20,40,0.584674363585123
H,smooth,S+50-110 ms,B,30,40,80,0.575302496376683
H,smooth,S+50-110 ms,B,30,80,160,0.5557212929989
H,smooth,S+50-110 ms,B,50,0,5,NaN
H,smooth,S+50-110 ms,B,50,5,10,NaN
H,smooth,S+50-110 ms,B,50,10,20,0.571704024862915
H,smooth,S+50-110 ms,B,50,20,40,0.569543375917395
H,smooth,S+50-110 ms,B,50,40,80,0.567973258600201
H,smooth,S+50-110 ms,B,50,80,160,0.561255894530798
L,smooth,S+50-110 ms,A,5,0,5,0.631819784857514
L,smooth,S+50-110 ms,A,5,5,10,0.627658324617362
L,smooth,S+50-110 ms,A,5,10,20,0.614454551165935
L,smooth,S+50-110 ms,A,5,20,40,0.587810994449145
L,smooth,S+50-110 ms,A,5,40,80,0.573602747808824
L,smooth,S+50-110 ms,A,5,80,160,0.560414794712354
L,smooth,S+50-110 ms,A,10,0,5,NaN
L,smooth,S+50-110 ms,A,10,5,10,0.61074132600313
L,smooth,S+50-110 ms,A,10,10,20,0.608159959463839
L,smooth,S+50-110 ms,A,10,20,40,0.590803072167299
L,smooth,S+50-110 ms,A,10,40,80,0.574817969605652
L,smooth,S+50-110 ms,A,10,80,160,0.561248214470848
L,smooth,S+50-110 ms,A,20,0,5,NaN
L,smooth,S+50-110 ms,A,20,5,10,0.586760585303638
L,smooth,S+50-110 ms,A,20,10,20,0.591573584900864
L,smooth,S+50-110 ms,A,20,20,40,0.589268399914004
L,smooth,S+50-110 ms,A,20,40,80,0.577678070774357
L,smooth,S+50-110 ms,A,20,80,160,0.564314835437775
L,smooth,S+50-110 ms,A,30,0,5,NaN
L,smooth,S+50-110 ms,A,30,5,10,0.535029993102743
L,smooth,S+50-110 ms,A,30,10,20,0.578455888733339
L,smooth,S+50-110 ms,A,30,20,40,0.58078281481889
L,smooth,S+50-110 ms,A,30,40,80,0.578583114861511
L,smooth,S+50-110 ms,A,30,80,160,0.566669594794176
L,smooth,S+50-110 ms,A,50,0,5,NaN
L,smooth,S+50-110 ms,A,50,5,10,NaN
L,smooth,S+50-110 ms,A,50,10,20,0.573059244307052
L,smooth,S+50-110 ms,A,50,20,40,0.571464705047096
L,smooth,S+50-110 ms,A,50,40,80,0.573893838943082
L,smooth,S+50-110 ms,A,50,80,160,0.570673673252925
L,smooth,S+50-110 ms,B,5,0,5,0.57471570927914
L,smooth,S+50-110 ms,B,5,5,10,0.574684578050498
L,smooth,S+50-110 ms,B,5,10,20,0.579188863857476
L,smooth,S+50-110 ms,B,5,20,40,0.562294441479849
L,smooth,S+50-110 ms,B,5,40,80,0.542164137877511
L,smooth,S+50-110 ms,B,5,80,160,0.514302442317241
L,smooth,S+50-110 ms,B,10,0,5,NaN
L,smooth,S+50-110 ms,B,10,5,10,0.574205684086642
L,smooth,S+50-110 ms,B,10,10,20,0.572712197012008
L,smooth,S+50-110 ms,B,10,20,40,0.561194779225218
L,smooth,S+50-110 ms,B,10,40,80,0.543808768382253
L,smooth,S+50-110 ms,B,10,80,160,0.516792124289783
L,smooth,S+50-110 ms,B,20,0,5,NaN
L,smooth,S+50-110 ms,B,20,5,10,0.532377425174592
L,smooth,S+50-110 ms,B,20,10,20,0.558629162007144
L,smooth,S+50-110 ms,B,20,20,40,0.557497428845912
L,smooth,S+50-110 ms,B,20,40,80,0.546932223816573
L,smooth,S+50-110 ms,B,20,80,160,0.522159726709016
L,smooth,S+50-110 ms,B,30,0,5,NaN
L,smooth,S+50-110 ms,B,30,5,10,0.566954886251569
L,smooth,S+50-110 ms,B,30,10,20,0.555249853495187
L,smooth,S+50-110 ms,B,30,20,40,0.549094212962185
L,smooth,S+50-110 ms,B,30,40,80,0.544066641641692
L,smooth,S+50-110 ms,B,30,80,160,0.527485096698274
L,smooth,S+50-110 ms,B,50,0,5,NaN
L,smooth,S+50-110 ms,B,50,5,10,NaN
L,smooth,S+50-110 ms,B,50,10,20,0.533858349497295
L,smooth,S+50-110 ms,B,50,20,40,0.541411699638444
L,smooth,S+50-110 ms,B,50,40,80,0.538717003932561
L,smooth,S+50-110 ms,B,50,80,160,0.532115907956549
GRAD3,smooth,S+50-110 ms,A,5,0,5,0.598738907952946
GRAD3,smooth,S+50-110 ms,A,5,5,10,0.63591275670525
GRAD3,smooth,S+50-110 ms,A,5,10,20,0.622142864258624
GRAD3,smooth,S+50-110 ms,A,5,20,40,0.594540262707158
GRAD3,smooth,S+50-110 ms,A,5,40,80,0.580142144614854
GRAD3,smooth,S+50-110 ms,A,5,80,160,0.570888230695142
GRAD3,smooth,S+50-110 ms,A,10,0,5,NaN
GRAD3,smooth,S+50-110 ms,A,10,5,10,0.623462773443525
GRAD3,smooth,S+50-110 ms,A,10,10,20,0.617939147818594
GRAD3,smooth,S+50-110 ms,A,10,20,40,0.598132345001439
GRAD3,smooth,S+50-110 ms,A,10,40,80,0.581235804970036
GRAD3,smooth,S+50-110 ms,A,10,80,160,0.571752641505039
GRAD3,smooth,S+50-110 ms,A,20,0,5,NaN
GRAD3,smooth,S+50-110 ms,A,20,5,10,0.596534891585581
GRAD3,smooth,S+50-110 ms,A,20,10,20,0.601329122486191
GRAD3,smooth,S+50-110 ms,A,20,20,40,0.593202965598749
GRAD3,smooth,S+50-110 ms,A,20,40,80,0.585899324117794
GRAD3,smooth,S+50-110 ms,A,20,80,160,0.573817758495601
GRAD3,smooth,S+50-110 ms,A,30,0,5,NaN
GRAD3,smooth,S+50-110 ms,A,30,5,10,0.597569335880748
GRAD3,smooth,S+50-110 ms,A,30,10,20,0.589857643659756
GRAD3,smooth,S+50-110 ms,A,30,20,40,0.592216033444227
GRAD3,smooth,S+50-110 ms,A,30,40,80,0.584326847997244
GRAD3,smooth,S+50-110 ms,A,30,80,160,0.576168152555084
GRAD3,smooth,S+50-110 ms,A,50,0,5,NaN
GRAD3,smooth,S+50-110 ms,A,50,5,10,NaN
GRAD3,smooth,S+50-110 ms,A,50,10,20,0.57838829882119
GRAD3,smooth,S+50-110 ms,A,50,20,40,0.583762659350059
GRAD3,smooth,S+50-110 ms,A,50,40,80,0.582765738808724
GRAD3,smooth,S+50-110 ms,A,50,80,160,0.578794722760925
GRAD3,smooth,S+50-110 ms,B,5,0,5,0.601145020533611
GRAD3,smooth,S+50-110 ms,B,5,5,10,0.628357488789925
GRAD3,smooth,S+50-110 ms,B,5,10,20,0.624457674817492
GRAD3,smooth,S+50-110 ms,B,5,20,40,0.600543976239825
GRAD3,smooth,S+50-110 ms,B,5,40,80,0.566678323781562
GRAD3,smooth,S+50-110 ms,B,5,80,160,0.541889989973072
GRAD3,smooth,S+50-110 ms,B,10,0,5,0.496802227764287
GRAD3,smooth,S+50-110 ms,B,10,5,10,0.624369798717061
GRAD3,smooth,S+50-110 ms,B,10,10,20,0.618642217932176
GRAD3,smooth,S+50-110 ms,B,10,20,40,0.601010828280646
GRAD3,smooth,S+50-110 ms,B,10,40,80,0.570361675461201
GRAD3,smooth,S+50-110 ms,B,10,80,160,0.543230632947549
GRAD3,smooth,S+50-110 ms,B,20,0,5,NaN
GRAD3,smooth,S+50-110 ms,B,20,5,10,0.591875369613613
GRAD3,smooth,S+50-110 ms,B,20,10,20,0.593132466259768
GRAD3,smooth,S+50-110 ms,B,20,20,40,0.596670510524703
GRAD3,smooth,S+50-110 ms,B,20,40,80,0.574570449885795
GRAD3,smooth,S+50-110 ms,B,20,80,160,0.548147079951599
GRAD3,smooth,S+50-110 ms,B,30,0,5,NaN
GRAD3,smooth,S+50-110 ms,B,30,5,10,0.563616132351816
GRAD3,smooth,S+50-110 ms,B,30,10,20,0.579477395265487
GRAD3,smooth,S+50-110 ms,B,30,20,40,0.585174149158487
GRAD3,smooth,S+50-110 ms,B,30,40,80,0.575910138574746
GRAD3,smooth,S+50-110 ms,B,30,80,160,0.553939157639163
GRAD3,smooth,S+50-110 ms,B,50,0,5,NaN
GRAD3,smooth,S+50-110 ms,B,50,5,10,NaN
GRAD3,smooth,S+50-110 ms,B,50,10,20,0.568302244630385
GRAD3,smooth,S+50-110 ms,B,50,20,40,0.567601401954977
GRAD3,smooth,S+50-110 ms,B,50,40,80,0.567948928210346
GRAD3,smooth,S+50-110 ms,B,50,80,160,0.560764332476832
A,smooth,S+50-110 ms,A,5,0,5,0.656110023578645
A,smooth,S+50-110 ms,A,5,5,10,0.679031985247959
A,smooth,S+50-110 ms,A,5,10,20,0.654257407216407
A,smooth,S+50-110 ms,A,5,20,40,0.629958610802214
A,smooth,S+50-110 ms,A,5,40,80,0.613156702517497
A,smooth,S+50-110 ms,A,5,80,160,0.578022808866622
A,smooth,S+50-110 ms,A,10,0,5,0.549635887842288
A,smooth,S+50-110 ms,A,10,5,10,0.649047963035606
A,smooth,S+50-110 ms,A,10,10,20,0.649975015091084
A,smooth,S+50-110 ms,A,10,20,40,0.631016137923045
A,smooth,S+50-110 ms,A,10,40,80,0.614036068357754
A,smooth,S+50-110 ms,A,10,80,160,0.579947372847956
A,smooth,S+50-110 ms,A,20,0,5,NaN
A,smooth,S+50-110 ms,A,20,5,10,0.634435692798821
A,smooth,S+50-110 ms,A,20,10,20,0.630198730286206
A,smooth,S+50-110 ms,A,20,20,40,0.627304234915118
A,smooth,S+50-110 ms,A,20,40,80,0.614943841301815
A,smooth,S+50-110 ms,A,20,80,160,0.58561832671088
A,smooth,S+50-110 ms,A,30,0,5,NaN
A,smooth,S+50-110 ms,A,30,5,10,0.610165357932226
A,smooth,S+50-110 ms,A,30,10,20,0.617135532626375
A,smooth,S+50-110 ms,A,30,20,40,0.621477151126179
A,smooth,S+50-110 ms,A,30,40,80,0.613640138747745
A,smooth,S+50-110 ms,A,30,80,160,0.59205708311063
A,smooth,S+50-110 ms,A,50,0,5,NaN
A,smooth,S+50-110 ms,A,50,5,10,NaN
A,smooth,S+50-110 ms,A,50,10,20,0.611446196110716
A,smooth,S+50-110 ms,A,50,20,40,0.610396662573685
A,smooth,S+50-110 ms,A,50,40,80,0.607101291689565
A,smooth,S+50-110 ms,A,50,80,160,0.599036053170974
A,smooth,S+50-110 ms,B,5,0,5,0.583089191143259
A,smooth,S+50-110 ms,B,5,5,10,0.591640661658539
A,smooth,S+50-110 ms,B,5,10,20,0.587504176861509
A,smooth,S+50-110 ms,B,5,20,40,0.581325726137201
A,smooth,S+50-110 ms,B,5,40,80,0.568996489645538
A,smooth,S+50-110 ms,B,5,80,160,0.558815340479881
A,smooth,S+50-110 ms,B,10,0,5,NaN
A,smooth,S+50-110 ms,B,10,5,10,0.582651298072712
A,smooth,S+50-110 ms,B,10,10,20,0.589415409707996
A,smooth,S+50-110 ms,B,10,20,40,0.580765931660934
A,smooth,S+50-110 ms,B,10,40,80,0.570477466862163
A,smooth,S+50-110 ms,B,10,80,160,0.55901206321267
A,smooth,S+50-110 ms,B,20,0,5,NaN
A,smooth,S+50-110 ms,B,20,5,10,0.586127225035974
A,smooth,S+50-110 ms,B,20,10,20,0.580602968046935
A,smooth,S+50-110 ms,B,20,20,40,0.576390669602311
A,smooth,S+50-110 ms,B,20,40,80,0.571680727826581
A,smooth,S+50-110 ms,B,20,80,160,0.562118464802205
A,smooth,S+50-110 ms,B,30,0,5,NaN
A,smooth,S+50-110 ms,B,30,5,10,0.530972982051861
A,smooth,S+50-110 ms,B,30,10,20,0.561203102554192
A,smooth,S+50-110 ms,B,30,20,40,0.57317390928855
A,smooth,S+50-110 ms,B,30,40,80,0.573794911675001
A,smooth,S+50-110 ms,B,30,80,160,0.563590283948304
A,smooth,S+50-110 ms,B,50,0,5,NaN
A,smooth,S+50-110 ms,B,50,5,10,NaN
A,smooth,S+50-110 ms,B,50,10,20,0.569234219779949
A,smooth,S+50-110 ms,B,50,20,40,0.567907266678345
A,smooth,S+50-110 ms,B,50,40,80,0.567537181253835
A,smooth,S+50-110 ms,B,50,80,160,0.565877265714241
L6,det,S+50-110 ms,A,5,0,5,0.632142346302984
L6,det,S+50-110 ms,A,5,5,10,0.612484393163898
L6,det,S+50-110 ms,A,5,10,20,0.577845515022942
L6,det,S+50-110 ms,A,5,20,40,0.53067296981765
L6,det,S+50-110 ms,A,5,40,80,0.508483093265706
L6,det,S+50-110 ms,A,5,80,160,0.505848912550415
L6,det,S+50-110 ms,A,10,0,5,NaN
L6,det,S+50-110 ms,A,10,5,10,0.573025433137522
L6,det,S+50-110 ms,A,10,10,20,0.56390093416682
L6,det,S+50-110 ms,A,10,20,40,0.538253723593709
L6,det,S+50-110 ms,A,10,40,80,0.510181315806865
L6,det,S+50-110 ms,A,10,80,160,0.506134554578335
L6,det,S+50-110 ms,A,20,0,5,NaN
L6,det,S+50-110 ms,A,20,5,10,0.532497472124865
L6,det,S+50-110 ms,A,20,10,20,0.543414915809726
L6,det,S+50-110 ms,A,20,20,40,0.531900555760235
L6,det,S+50-110 ms,A,20,40,80,0.517257208129952
L6,det,S+50-110 ms,A,20,80,160,0.506866486869133
L6,det,S+50-110 ms,A,30,0,5,NaN
L6,det,S+50-110 ms,A,30,5,10,0.557285458451598
L6,det,S+50-110 ms,A,30,10,20,0.528111121549962
L6,det,S+50-110 ms,A,30,20,40,0.525130063503522
L6,det,S+50-110 ms,A,30,40,80,0.518698046604491
L6,det,S+50-110 ms,A,30,80,160,0.50885371524771
L6,det,S+50-110 ms,A,50,0,5,NaN
L6,det,S+50-110 ms,A,50,5,10,NaN
L6,det,S+50-110 ms,A,50,10,20,0.525489348952571
L6,det,S+50-110 ms,A,50,20,40,0.515020010222282
L6,det,S+50-110 ms,A,50,40,80,0.515204405547126
L6,det,S+50-110 ms,A,50,80,160,0.512336836804707
L6,det,S+50-110 ms,B,5,0,5,0.69653956960095
L6,det,S+50-110 ms,B,5,5,10,0.700259893769647
L6,det,S+50-110 ms,B,5,10,20,0.674536969660522
L6,det,S+50-110 ms,B,5,20,40,0.629136435763281
L6,det,S+50-110 ms,B,5,40,80,0.578687680682187
L6,det,S+50-110 ms,B,5,80,160,0.52088751933201
L6,det,S+50-110 ms,B,10,0,5,NaN
L6,det,S+50-110 ms,B,10,5,10,0.674535436500562
L6,det,S+50-110 ms,B,10,10,20,0.660311683236839
L6,det,S+50-110 ms,B,10,20,40,0.633554066025885
L6,det,S+50-110 ms,B,10,40,80,0.582240741941058
L6,det,S+50-110 ms,B,10,80,160,0.524275278128826
L6,det,S+50-110 ms,B,20,0,5,NaN
L6,det,S+50-110 ms,B,20,5,10,0.618639917002843
L6,det,S+50-110 ms,B,20,10,20,0.627097689435617
L6,det,S+50-110 ms,B,20,20,40,0.618676059451375
L6,det,S+50-110 ms,B,20,40,80,0.588971562045408
L6,det,S+50-110 ms,B,20,80,160,0.535365096401015
L6,det,S+50-110 ms,B,30,0,5,NaN
L6,det,S+50-110 ms,B,30,5,10,0.617491853658217
L6,det,S+50-110 ms,B,30,10,20,0.606714672943299
L6,det,S+50-110 ms,B,30,20,40,0.601976062133973
L6,det,S+50-110 ms,B,30,40,80,0.586778109112325
L6,det,S+50-110 ms,B,30,80,160,0.547247026794991
L6,det,S+50-110 ms,B,50,0,5,NaN
L6,det,S+50-110 ms,B,50,5,10,NaN
L6,det,S+50-110 ms,B,50,10,20,0.56668753054427
L6,det,S+50-110 ms,B,50,20,40,0.574369120816987
L6,det,S+50-110 ms,B,50,40,80,0.571332790725185
L6,det,S+50-110 ms,B,50,80,160,0.559211655686147
FZ,det,S+50-110 ms,A,5,0,5,0.700053965500534
FZ,det,S+50-110 ms,A,5,5,10,0.698534767510413
FZ,det,S+50-110 ms,A,5,10,20,0.680704728147857
FZ,det,S+50-110 ms,A,5,20,40,0.651044625348347
FZ,det,S+50-110 ms,A,5,40,80,0.617103232961523
FZ,det,S+50-110 ms,A,5,80,160,0.582692132332626
FZ,det,S+50-110 ms,A,10,0,5,NaN
FZ,det,S+50-110 ms,A,10,5,10,0.674789413556508
FZ,det,S+50-110 ms,A,10,10,20,0.672436289489837
FZ,det,S+50-110 ms,A,10,20,40,0.653683838161571
FZ,det,S+50-110 ms,A,10,40,80,0.619006234443316
FZ,det,S+50-110 ms,A,10,80,160,0.58468470478246
FZ,det,S+50-110 ms,A,20,0,5,NaN
FZ,det,S+50-110 ms,A,20,5,10,0.655234564660891
FZ,det,S+50-110 ms,A,20,10,20,0.651771443366607
FZ,det,S+50-110 ms,A,20,20,40,0.645809144645312
FZ,det,S+50-110 ms,A,20,40,80,0.624710338622796
FZ,det,S+50-110 ms,A,20,80,160,0.59113753434953
FZ,det,S+50-110 ms,A,30,0,5,NaN
FZ,det,S+50-110 ms,A,30,5,10,0.620046797888304
FZ,det,S+50-110 ms,A,30,10,20,0.631115558824201
FZ,det,S+50-110 ms,A,30,20,40,0.633487530921335
FZ,det,S+50-110 ms,A,30,40,80,0.625606092827636
FZ,det,S+50-110 ms,A,30,80,160,0.599111882851005
FZ,det,S+50-110 ms,A,50,0,5,NaN
FZ,det,S+50-110 ms,A,50,5,10,NaN
FZ,det,S+50-110 ms,A,50,10,20,0.619601310161759
FZ,det,S+50-110 ms,A,50,20,40,0.616722124665068
FZ,det,S+50-110 ms,A,50,40,80,0.617230189728136
FZ,det,S+50-110 ms,A,50,80,160,0.607563843936235
FZ,det,S+50-110 ms,B,5,0,5,0.704075284819974
FZ,det,S+50-110 ms,B,5,5,10,0.688348569203174
FZ,det,S+50-110 ms,B,5,10,20,0.666465491482358
FZ,det,S+50-110 ms,B,5,20,40,0.634859079885153
FZ,det,S+50-110 ms,B,5,40,80,0.600078333179583
FZ,det,S+50-110 ms,B,5,80,160,0.573404277116523
FZ,det,S+50-110 ms,B,10,0,5,0.602850497072564
FZ,det,S+50-110 ms,B,10,5,10,0.667164403359504
FZ,det,S+50-110 ms,B,10,10,20,0.654010326152048
FZ,det,S+50-110 ms,B,10,20,40,0.638972182601493
FZ,det,S+50-110 ms,B,10,40,80,0.603261294089408
FZ,det,S+50-110 ms,B,10,80,160,0.57514435197209
FZ,det,S+50-110 ms,B,20,0,5,NaN
FZ,det,S+50-110 ms,B,20,5,10,0.632401442578113
FZ,det,S+50-110 ms,B,20,10,20,0.637717551116122
FZ,det,S+50-110 ms,B,20,20,40,0.631144442934479
FZ,det,S+50-110 ms,B,20,40,80,0.609486522009441
FZ,det,S+50-110 ms,B,20,80,160,0.580109282877556
FZ,det,S+50-110 ms,B,30,0,5,NaN
FZ,det,S+50-110 ms,B,30,5,10,0.568525963891883
FZ,det,S+50-110 ms,B,30,10,20,0.619787753606649
FZ,det,S+50-110 ms,B,30,20,40,0.618226856309336
FZ,det,S+50-110 ms,B,30,40,80,0.609661388833486
FZ,det,S+50-110 ms,B,30,80,160,0.585928564841193
FZ,det,S+50-110 ms,B,50,0,5,NaN
FZ,det,S+50-110 ms,B,50,5,10,NaN
FZ,det,S+50-110 ms,B,50,10,20,0.602602735204207
FZ,det,S+50-110 ms,B,50,20,40,0.605369852894929
FZ,det,S+50-110 ms,B,50,40,80,0.600938937497417
FZ,det,S+50-110 ms,B,50,80,160,0.593580570785792
P3,pink,S+50-110 ms,A,5,0,5,0.694390638025105
P3,pink,S+50-110 ms,A,5,5,10,0.712348601142613
P3,pink,S+50-110 ms,A,5,10,20,0.655217874364486
P3,pink,S+50-110 ms,A,5,20,40,0.561204373311075
P3,pink,S+50-110 ms,A,5,40,80,0.530104969411413
P3,pink,S+50-110 ms,A,5,80,160,0.493741683640585
P3,pink,S+50-110 ms,A,10,0,5,NaN
P3,pink,S+50-110 ms,A,10,5,10,0.640129020831061
P3,pink,S+50-110 ms,A,10,10,20,0.618393587369683
P3,pink,S+50-110 ms,A,10,20,40,0.575760117892235
P3,pink,S+50-110 ms,A,10,40,80,0.532654386182686
P3,pink,S+50-110 ms,A,10,80,160,0.49488740145704
P3,pink,S+50-110 ms,A,20,0,5,NaN
P3,pink,S+50-110 ms,A,20,5,10,0.586832804159427
P3,pink,S+50-110 ms,A,20,10,20,0.576920913507827
P3,pink,S+50-110 ms,A,20,20,40,0.567273650172088
P3,pink,S+50-110 ms,A,20,40,80,0.540678353325404
P3,pink,S+50-110 ms,A,20,80,160,0.500625943948461
P3,pink,S+50-110 ms,A,30,0,5,NaN
P3,pink,S+50-110 ms,A,30,5,10,0.502655196521108
P3,pink,S+50-110 ms,A,30,10,20,0.562967802293178
P3,pink,S+50-110 ms,A,30,20,40,0.550052521926568
P3,pink,S+50-110 ms,A,30,40,80,0.53991785222048
P3,pink,S+50-110 ms,A,30,80,160,0.509580267323549
P3,pink,S+50-110 ms,A,50,0,5,NaN
P3,pink,S+50-110 ms,A,50,5,10,NaN
P3,pink,S+50-110 ms,A,50,10,20,0.53016249095585
P3,pink,S+50-110 ms,A,50,20,40,0.533423903283621
P3,pink,S+50-110 ms,A,50,40,80,0.530306838485768
P3,pink,S+50-110 ms,A,50,80,160,0.518422079785998
P3,pink,S+50-110 ms,B,5,0,5,0.696815294693385
P3,pink,S+50-110 ms,B,5,5,10,0.696589519759053
P3,pink,S+50-110 ms,B,5,10,20,0.644744171380079
P3,pink,S+50-110 ms,B,5,20,40,0.564158059435033
P3,pink,S+50-110 ms,B,5,40,80,0.514633778846316
P3,pink,S+50-110 ms,B,5,80,160,0.479280079888454
P3,pink,S+50-110 ms,B,10,0,5,NaN
P3,pink,S+50-110 ms,B,10,5,10,0.631887577086951
P3,pink,S+50-110 ms,B,10,10,20,0.619809246263737
P3,pink,S+50-110 ms,B,10,20,40,0.572554649542467
P3,pink,S+50-110 ms,B,10,40,80,0.519019366004298
P3,pink,S+50-110 ms,B,10,80,160,0.480834398885088
P3,pink,S+50-110 ms,B,20,0,5,NaN
P3,pink,S+50-110 ms,B,20,5,10,0.568080792661379
P3,pink,S+50-110 ms,B,20,10,20,0.568008224352933
P3,pink,S+50-110 ms,B,20,20,40,0.560327745990642
P3,pink,S+50-110 ms,B,20,40,80,0.528092922092629
P3,pink,S+50-110 ms,B,20,80,160,0.488908093892293
P3,pink,S+50-110 ms,B,30,0,5,NaN
P3,pink,S+50-110 ms,B,30,5,10,0.511696441732915
P3,pink,S+50-110 ms,B,30,10,20,0.544237550302128
P3,pink,S+50-110 ms,B,30,20,40,0.545084310876088
P3,pink,S+50-110 ms,B,30,40,80,0.528210047581433
P3,pink,S+50-110 ms,B,30,80,160,0.497410100270037
P3,pink,S+50-110 ms,B,50,0,5,NaN
P3,pink,S+50-110 ms,B,50,5,10,NaN
P3,pink,S+50-110 ms,B,50,10,20,0.518130370376706
P3,pink,S+50-110 ms,B,50,20,40,0.521280693548038
P3,pink,S+50-110 ms,B,50,40,80,0.518208381359814
P3,pink,S+50-110 ms,B,50,80,160,0.507161533320177
P6,pink,S+50-110 ms,A,5,0,5,0.697308214796359
P6,pink,S+50-110 ms,A,5,5,10,0.70195458130118
P6,pink,S+50-110 ms,A,5,10,20,0.662162889789657
P6,pink,S+50-110 ms,A,5,20,40,0.57802280394469
P6,pink,S+50-110 ms,A,5,40,80,0.540447493586078
P6,pink,S+50-110 ms,A,5,80,160,0.499088646440901
P6,pink,S+50-110 ms,A,10,0,5,NaN
P6,pink,S+50-110 ms,A,10,5,10,0.641723310142937
P6,pink,S+50-110 ms,A,10,10,20,0.63063514317402
P6,pink,S+50-110 ms,A,10,20,40,0.590255294431853
P6,pink,S+50-110 ms,A,10,40,80,0.543607770582797
P6,pink,S+50-110 ms,A,10,80,160,0.500845993103686
P6,pink,S+50-110 ms,A,20,0,5,NaN
P6,pink,S+50-110 ms,A,20,5,10,0.583912784237604
P6,pink,S+50-110 ms,A,20,10,20,0.589272284714096
P6,pink,S+50-110 ms,A,20,20,40,0.580239888422027
P6,pink,S+50-110 ms,A,20,40,80,0.552712893149977
P6,pink,S+50-110 ms,A,20,80,160,0.508274397714266
P6,pink,S+50-110 ms,A,30,0,5,NaN
P6,pink,S+50-110 ms,A,30,5,10,0.593506417754733
P6,pink,S+50-110 ms,A,30,10,20,0.564387984466681
P6,pink,S+50-110 ms,A,30,20,40,0.566065414057496
P6,pink,S+50-110 ms,A,30,40,80,0.550709954434879
P6,pink,S+50-110 ms,A,30,80,160,0.517994770222029
P6,pink,S+50-110 ms,A,50,0,5,NaN
P6,pink,S+50-110 ms,A,50,5,10,NaN
P6,pink,S+50-110 ms,A,50,10,20,0.53668443544639
P6,pink,S+50-110 ms,A,50,20,40,0.544239240454382
P6,pink,S+50-110 ms,A,50,40,80,0.540202004382529
P6,pink,S+50-110 ms,A,50,80,160,0.528453655102545
P6,pink,S+50-110 ms,B,5,0,5,0.66783326384911
P6,pink,S+50-110 ms,B,5,5,10,0.661494014601107
P6,pink,S+50-110 ms,B,5,10,20,0.613369505003637
P6,pink,S+50-110 ms,B,5,20,40,0.538848843154036
P6,pink,S+50-110 ms,B,5,40,80,0.507299705758439
P6,pink,S+50-110 ms,B,5,80,160,0.467935638823277
P6,pink,S+50-110 ms,B,10,0,5,NaN
P6,pink,S+50-110 ms,B,10,5,10,0.599441031370107
P6,pink,S+50-110 ms,B,10,10,20,0.591259659698654
P6,pink,S+50-110 ms,B,10,20,40,0.547040070967432
P6,pink,S+50-110 ms,B,10,40,80,0.510783696931137
P6,pink,S+50-110 ms,B,10,80,160,0.469590526243795
P6,pink,S+50-110 ms,B,20,0,5,NaN
P6,pink,S+50-110 ms,B,20,5,10,0.561593256982542
P6,pink,S+50-110 ms,B,20,10,20,0.546301960363639
P6,pink,S+50-110 ms,B,20,20,40,0.539329028978746
P6,pink,S+50-110 ms,B,20,40,80,0.5177264287334
P6,pink,S+50-110 ms,B,20,80,160,0.476742572530931
P6,pink,S+50-110 ms,B,30,0,5,NaN
P6,pink,S+50-110 ms,B,30,5,10,0.495451763245346
P6,pink,S+50-110 ms,B,30,10,20,0.531643181968896
P6,pink,S+50-110 ms,B,30,20,40,0.527467915448163
P6,pink,S+50-110 ms,B,30,40,80,0.516754660198624
P6,pink,S+50-110 ms,B,30,80,160,0.486692264277069
P6,pink,S+50-110 ms,B,50,0,5,NaN
P6,pink,S+50-110 ms,B,50,5,10,NaN
P6,pink,S+50-110 ms,B,50,10,20,0.509105148102943
P6,pink,S+50-110 ms,B,50,20,40,0.509621161534851
P6,pink,S+50-110 ms,B,50,40,80,0.506736899056819
P6,pink,S+50-110 ms,B,50,80,160,0.49551361046443
E15,exp,S+50-110 ms,A,5,0,5,0.694968460603308
E15,exp,S+50-110 ms,A,5,5,10,0.711332652728503
E15,exp,S+50-110 ms,A,5,10,20,0.661148773032604
E15,exp,S+50-110 ms,A,5,20,40,0.564695818910158
E15,exp,S+50-110 ms,A,5,40,80,0.51711745820898
E15,exp,S+50-110 ms,A,5,80,160,0.4936080418253
E15,exp,S+50-110 ms,A,10,0,5,NaN
E15,exp,S+50-110 ms,A,10,5,10,0.647002490049187
E15,exp,S+50-110 ms,A,10,10,20,0.629749276500691
E15,exp,S+50-110 ms,A,10,20,40,0.578965530458683
E15,exp,S+50-110 ms,A,10,40,80,0.522330790110479
E15,exp,S+50-110 ms,A,10,80,160,0.494465776099377
E15,exp,S+50-110 ms,A,20,0,5,NaN
E15,exp,S+50-110 ms,A,20,5,10,0.571980727482132
E15,exp,S+50-110 ms,A,20,10,20,0.579230474814094
E15,exp,S+50-110 ms,A,20,20,40,0.565061282484346
E15,exp,S+50-110 ms,A,20,40,80,0.535333709601823
E15,exp,S+50-110 ms,A,20,80,160,0.499053145012587
E15,exp,S+50-110 ms,A,30,0,5,NaN
E15,exp,S+50-110 ms,A,30,5,10,0.527943101334163
E15,exp,S+50-110 ms,A,30,10,20,0.54894737932707
E15,exp,S+50-110 ms,A,30,20,40,0.548611459398155
E15,exp,S+50-110 ms,A,30,40,80,0.533994515577678
E15,exp,S+50-110 ms,A,30,80,160,0.507375359455211
E15,exp,S+50-110 ms,A,50,0,5,NaN
E15,exp,S+50-110 ms,A,50,5,10,NaN
E15,exp,S+50-110 ms,A,50,10,20,0.529797610148364
E15,exp,S+50-110 ms,A,50,20,40,0.528455910961556
E15,exp,S+50-110 ms,A,50,40,80,0.525587279696559
E15,exp,S+50-110 ms,A,50,80,160,0.515505713092988
E15,exp,S+50-110 ms,B,5,0,5,0.722342711514842
E15,exp,S+50-110 ms,B,5,5,10,0.71608173756252
E15,exp,S+50-110 ms,B,5,10,20,0.661865062075717
E15,exp,S+50-110 ms,B,5,20,40,0.553715453773317
E15,exp,S+50-110 ms,B,5,40,80,0.500440252655524
E15,exp,S+50-110 ms,B,5,80,160,0.485448212996945
E15,exp,S+50-110 ms,B,10,0,5,NaN
E15,exp,S+50-110 ms,B,10,5,10,0.644318755987233
E15,exp,S+50-110 ms,B,10,10,20,0.631254355114525
E15,exp,S+50-110 ms,B,10,20,40,0.566523936920774
E15,exp,S+50-110 ms,B,10,40,80,0.505789920705937
E15,exp,S+50-110 ms,B,10,80,160,0.485967577489192
E15,exp,S+50-110 ms,B,20,0,5,NaN
E15,exp,S+50-110 ms,B,20,5,10,0.556683264628446
E15,exp,S+50-110 ms,B,20,10,20,0.564539095611129
E15,exp,S+50-110 ms,B,20,20,40,0.552708900363081
E15,exp,S+50-110 ms,B,20,40,80,0.521006048202252
E15,exp,S+50-110 ms,B,20,80,160,0.489456810070713
E15,exp,S+50-110 ms,B,30,0,5,NaN
E15,exp,S+50-110 ms,B,30,5,10,0.526614117348421
E15,exp,S+50-110 ms,B,30,10,20,0.540627261788616
E15,exp,S+50-110 ms,B,30,20,40,0.53488339786809
E15,exp,S+50-110 ms,B,30,40,80,0.522721383634728
E15,exp,S+50-110 ms,B,30,80,160,0.496978053981446
E15,exp,S+50-110 ms,B,50,0,5,NaN
E15,exp,S+50-110 ms,B,50,5,10,NaN
E15,exp,S+50-110 ms,B,50,10,20,0.514893964560533
E15,exp,S+50-110 ms,B,50,20,40,0.515426524701441
E15,exp,S+50-110 ms,B,50,40,80,0.514225957544778
E15,exp,S+50-110 ms,B,50,80,160,0.504906711122722
G50,gau,S+50-110 ms,A,5,0,5,0.678282736823929
G50,gau,S+50-110 ms,A,5,5,10,0.656026883133639
G50,gau,S+50-110 ms,A,5,10,20,0.624422246138307
G50,gau,S+50-110 ms,A,5,20,40,0.548039698115432
G50,gau,S+50-110 ms,A,5,40,80,0.502586083576942
G50,gau,S+50-110 ms,A,5,80,160,0.477167498151048
G50,gau,S+50-110 ms,A,10,0,5,0.617878752039589
G50,gau,S+50-110 ms,A,10,5,10,0.609353406906276
G50,gau,S+50-110 ms,A,10,10,20,0.604054134599288
G50,gau,S+50-110 ms,A,10,20,40,0.55710482245195
G50,gau,S+50-110 ms,A,10,40,80,0.507353790689369
G50,gau,S+50-110 ms,A,10,80,160,0.478036460649291
G50,gau,S+50-110 ms,A,20,0,5,NaN
G50,gau,S+50-110 ms,A,20,5,10,0.551705005490303
G50,gau,S+50-110 ms,A,20,10,20,0.555026621599078
G50,gau,S+50-110 ms,A,20,20,40,0.545263634831599
G50,gau,S+50-110 ms,A,20,40,80,0.516898201252888
G50,gau,S+50-110 ms,A,20,80,160,0.482887339106172
G50,gau,S+50-110 ms,A,30,0,5,NaN
G50,gau,S+50-110 ms,A,30,5,10,0.51873055421869
G50,gau,S+50-110 ms,A,30,10,20,0.533827284597236
G50,gau,S+50-110 ms,A,30,20,40,0.528593075450413
G50,gau,S+50-110 ms,A,30,40,80,0.515434497827631
G50,gau,S+50-110 ms,A,30,80,160,0.490930638702178
G50,gau,S+50-110 ms,A,50,0,5,NaN
G50,gau,S+50-110 ms,A,50,5,10,NaN
G50,gau,S+50-110 ms,A,50,10,20,0.509382724517506
G50,gau,S+50-110 ms,A,50,20,40,0.513421420652267
G50,gau,S+50-110 ms,A,50,40,80,0.509043661213821
G50,gau,S+50-110 ms,A,50,80,160,0.499141756395241
G50,gau,S+50-110 ms,B,5,0,5,0.67486741065025
G50,gau,S+50-110 ms,B,5,5,10,0.673426955831973
G50,gau,S+50-110 ms,B,5,10,20,0.63121479352872
G50,gau,S+50-110 ms,B,5,20,40,0.569044589224502
G50,gau,S+50-110 ms,B,5,40,80,0.513562807783208
G50,gau,S+50-110 ms,B,5,80,160,0.470798645868284
G50,gau,S+50-110 ms,B,10,0,5,NaN
G50,gau,S+50-110 ms,B,10,5,10,0.611439054784561
G50,gau,S+50-110 ms,B,10,10,20,0.608374138544413
G50,gau,S+50-110 ms,B,10,20,40,0.574419141106911
G50,gau,S+50-110 ms,B,10,40,80,0.518731030329455
G50,gau,S+50-110 ms,B,10,80,160,0.472528578448642
G50,gau,S+50-110 ms,B,20,0,5,NaN
G50,gau,S+50-110 ms,B,20,5,10,0.56433875009113
G50,gau,S+50-110 ms,B,20,10,20,0.572304115668933
G50,gau,S+50-110 ms,B,20,20,40,0.561524631608004
G50,gau,S+50-110 ms,B,20,40,80,0.527133451605413
G50,gau,S+50-110 ms,B,20,80,160,0.481042310554761
G50,gau,S+50-110 ms,B,30,0,5,NaN
G50,gau,S+50-110 ms,B,30,5,10,0.535978261517335
G50,gau,S+50-110 ms,B,30,10,20,0.543887839789298
G50,gau,S+50-110 ms,B,30,20,40,0.540122951290601
G50,gau,S+50-110 ms,B,30,40,80,0.525747217713111
G50,gau,S+50-110 ms,B,30,80,160,0.491797809359315
G50,gau,S+50-110 ms,B,50,0,5,NaN
G50,gau,S+50-110 ms,B,50,5,10,NaN
G50,gau,S+50-110 ms,B,50,10,20,0.513459626571654
G50,gau,S+50-110 ms,B,50,20,40,0.519895019901545
G50,gau,S+50-110 ms,B,50,40,80,0.515259167032621
G50,gau,S+50-110 ms,B,50,80,160,0.502203839266181
