model,class,window,sensor,d_lo_m,d_hi_m,median_coh,lo95,hi95,n_pairs,n_events
data,data,S+15-100 ms,A,0,5,0.691508950947055,0.522334843823026,0.834807369065825,64,96
data,data,S+15-100 ms,A,5,10,0.658960591921454,0.577879528066637,0.704619023095128,197,225
data,data,S+15-100 ms,A,10,20,0.583001774682334,0.544376086831921,0.624994817285637,607,376
data,data,S+15-100 ms,A,20,40,0.528548584339208,0.506208404554625,0.55300150575056,2025,440
data,data,S+15-100 ms,A,40,80,0.511688579932283,0.492015741465233,0.53191609273303,5827,454
data,data,S+15-100 ms,A,80,160,0.486843343960612,0.468690122388503,0.506517868745448,11280,462
data,data,S+15-100 ms,B,0,5,0.745827732315813,0.578923193356949,0.875019945503563,64,101
data,data,S+15-100 ms,B,5,10,0.646568395107265,0.526746311465379,0.766233043879242,204,230
data,data,S+15-100 ms,B,10,20,0.639094460620403,0.574648651948862,0.718746768260296,658,399
data,data,S+15-100 ms,B,20,40,0.56630998601882,0.533119529099124,0.601853476386779,2039,485
data,data,S+15-100 ms,B,40,80,0.503728673029935,0.478623151729262,0.52763215589818,5567,499
data,data,S+15-100 ms,B,80,160,0.478292407858161,0.457988074901005,0.501723160403648,11468,509
H,smooth,S+15-100 ms,A,0,5,0.860441179418435,0.60002577325569,0.922592592643273,64,109
H,smooth,S+15-100 ms,A,5,10,0.897009373728279,0.826298326932103,0.941214586390126,201,244
H,smooth,S+15-100 ms,A,10,20,0.87449023828265,0.843794157733283,0.903764681130245,617,425
H,smooth,S+15-100 ms,A,20,40,0.868439848467046,0.838093484751038,0.897007412509566,1977,522
H,smooth,S+15-100 ms,A,40,80,0.857684346088985,0.838260218565316,0.879728254294051,5488,540
H,smooth,S+15-100 ms,A,80,160,0.838970882191432,0.81903969457354,0.860226642855134,11653,555
H,smooth,S+15-100 ms,B,0,5,0.745456897547354,0.574137115416011,0.926877539842936,64,104
H,smooth,S+15-100 ms,B,5,10,0.805878993698453,0.705834471447776,0.918092173657382,202,236
H,smooth,S+15-100 ms,B,10,20,0.766461587318243,0.693801644530094,0.841819763783318,606,416
H,smooth,S+15-100 ms,B,20,40,0.766391623931703,0.725835459708097,0.808703002933979,2031,525
H,smooth,S+15-100 ms,B,40,80,0.750608665808211,0.719932404973547,0.778302628767317,5517,546
H,smooth,S+15-100 ms,B,80,160,0.713562475443828,0.683077824485932,0.738999607691192,11580,555
L,smooth,S+15-100 ms,A,0,5,0.837801783730167,0.612048242727364,0.929651703834095,64,109
L,smooth,S+15-100 ms,A,5,10,0.884790609236077,0.822557876976305,0.936350036843701,201,244
L,smooth,S+15-100 ms,A,10,20,0.872374744365651,0.833347026714947,0.897190657762867,617,425
L,smooth,S+15-100 ms,A,20,40,0.865544229518009,0.834932005052251,0.888967282392923,1977,522
L,smooth,S+15-100 ms,A,40,80,0.852538972241608,0.827504298473318,0.871002009536406,5488,540
L,smooth,S+15-100 ms,A,80,160,0.828155994469914,0.803926408076834,0.848381078216137,11653,555
L,smooth,S+15-100 ms,B,0,5,0.779949158850522,0.630245587083197,0.897421600086464,64,104
L,smooth,S+15-100 ms,B,5,10,0.831424661926811,0.737401783677511,0.89076607232957,202,236
L,smooth,S+15-100 ms,B,10,20,0.789700640203928,0.733260268491163,0.845613014563195,606,416
L,smooth,S+15-100 ms,B,20,40,0.763069750298885,0.719357859331139,0.806441995037735,2031,525
L,smooth,S+15-100 ms,B,40,80,0.745391373830762,0.720147477267182,0.777619177979939,5517,546
L,smooth,S+15-100 ms,B,80,160,0.728751566685662,0.702093534732193,0.75346943568277,11580,555
GRAD3,smooth,S+15-100 ms,A,0,5,0.858944222371106,0.62186257698606,0.926409277854114,64,109
GRAD3,smooth,S+15-100 ms,A,5,10,0.899087039105994,0.84246230228394,0.947804026548726,201,244
GRAD3,smooth,S+15-100 ms,A,10,20,0.883249563378468,0.847013020823575,0.910049847518041,617,425
GRAD3,smooth,S+15-100 ms,A,20,40,0.876029589943767,0.849733528078057,0.900188103347059,1977,522
GRAD3,smooth,S+15-100 ms,A,40,80,0.867401915987127,0.8435304942818,0.885610921136714,5488,540
GRAD3,smooth,S+15-100 ms,A,80,160,0.846786567572621,0.826767571111868,0.866672956726131,11653,555
GRAD3,smooth,S+15-100 ms,B,0,5,0.764883315607686,0.546695904553389,0.926273989524457,64,104
GRAD3,smooth,S+15-100 ms,B,5,10,0.800431946850109,0.671392524074623,0.915902451775516,202,236
GRAD3,smooth,S+15-100 ms,B,10,20,0.764116804831674,0.696624162127772,0.829978470133696,606,416
GRAD3,smooth,S+15-100 ms,B,20,40,0.762794582512383,0.716846930840929,0.805428624806605,2031,525
GRAD3,smooth,S+15-100 ms,B,40,80,0.742396650327389,0.710832159559893,0.773420572921741,5517,546
GRAD3,smooth,S+15-100 ms,B,80,160,0.714363779054464,0.686969448344042,0.741592375586709,11580,555
A,smooth,S+15-100 ms,A,0,5,0.875889305431188,0.706448463606372,0.941949431687766,64,109
A,smooth,S+15-100 ms,A,5,10,0.915059482383254,0.845518045987959,0.943084494746268,201,244
A,smooth,S+15-100 ms,A,10,20,0.890996327908635,0.860127853487302,0.913282789880376,617,425
A,smooth,S+15-100 ms,A,20,40,0.879811437455746,0.850956468126048,0.899449296482641,1977,522
A,smooth,S+15-100 ms,A,40,80,0.853304899239864,0.829038769029833,0.875763549668257,5488,540
A,smooth,S+15-100 ms,A,80,160,0.789257673771144,0.764149802671667,0.811495050586687,11653,555
A,smooth,S+15-100 ms,B,0,5,0.828778059454891,0.616047015376139,0.911801038739184,64,104
A,smooth,S+15-100 ms,B,5,10,0.844494610163562,0.74377869444828,0.927926501015506,202,236
A,smooth,S+15-100 ms,B,10,20,0.811718670010253,0.750320297577599,0.866541192389839,606,416
A,smooth,S+15-100 ms,B,20,40,0.791505309609766,0.745018266813062,0.834117100185901,2031,525
A,smooth,S+15-100 ms,B,40,80,0.78275985379969,0.753365258852301,0.810975089749829,5517,546
A,smooth,S+15-100 ms,B,80,160,0.775542385675557,0.74466622619285,0.804313107937353,11580,555
L6,det,S+15-100 ms,A,0,5,0.833174638088988,0.626287751889776,0.93068368546343,64,109
L6,det,S+15-100 ms,A,5,10,0.878322754113279,0.83943012026111,0.938230273340466,201,244
L6,det,S+15-100 ms,A,10,20,0.865398263440686,0.832073596907397,0.897487095616297,617,425
L6,det,S+15-100 ms,A,20,40,0.85583091554121,0.825705046527808,0.884601315515137,1977,522
L6,det,S+15-100 ms,A,40,80,0.842486191597029,0.821528748665475,0.862930984697125,5488,540
L6,det,S+15-100 ms,A,80,160,0.819993842758857,0.799024667317719,0.838553601158497,11653,555
L6,det,S+15-100 ms,B,0,5,0.7469649791067,0.534935669619541,0.865443075018124,64,104
L6,det,S+15-100 ms,B,5,10,0.78309733952025,0.647264360618944,0.862288172533574,202,236
L6,det,S+15-100 ms,B,10,20,0.74023202826262,0.670018837408121,0.784983312868511,606,416
L6,det,S+15-100 ms,B,20,40,0.689145305748833,0.655454515711324,0.727629846981993,2031,525
L6,det,S+15-100 ms,B,40,80,0.677725070951275,0.649972976316914,0.708229084682649,5517,546
L6,det,S+15-100 ms,B,80,160,0.651762427034871,0.631237363022559,0.679862749582808,11580,555
FZ,det,S+15-100 ms,A,0,5,0.870610812106043,0.67161499592027,0.921016112679691,64,109
FZ,det,S+15-100 ms,A,5,10,0.867788679596689,0.809095620692846,0.917248972715723,201,244
FZ,det,S+15-100 ms,A,10,20,0.852687968971836,0.816495079854725,0.868211288463344,617,425
FZ,det,S+15-100 ms,A,20,40,0.813955715696792,0.786711431086206,0.833694704949694,1977,522
FZ,det,S+15-100 ms,A,40,80,0.804624396341644,0.785247685695802,0.822886048317188,5488,540
FZ,det,S+15-100 ms,A,80,160,0.794599904409085,0.775043147224148,0.810828779261128,11653,555
FZ,det,S+15-100 ms,B,0,5,0.767347753646179,0.613167925770888,0.919215887683663,64,104
FZ,det,S+15-100 ms,B,5,10,0.80378443309958,0.708710577093485,0.906086200838045,202,236
FZ,det,S+15-100 ms,B,10,20,0.761633382862949,0.692361710342162,0.814901335815535,606,416
FZ,det,S+15-100 ms,B,20,40,0.728100270356435,0.690031018954788,0.768528732964053,2031,525
FZ,det,S+15-100 ms,B,40,80,0.692126099543039,0.663981811204028,0.717250252206341,5517,546
FZ,det,S+15-100 ms,B,80,160,0.669665623926817,0.64323770251575,0.691238765337031,11580,555
P3,pink,S+15-100 ms,A,0,5,0.771152984766696,0.698198831242451,0.856916362010013,64,109
P3,pink,S+15-100 ms,A,5,10,0.780656212727197,0.719194779455848,0.844060592485215,201,244
P3,pink,S+15-100 ms,A,10,20,0.743283640236338,0.702520050449728,0.774663560716553,617,425
P3,pink,S+15-100 ms,A,20,40,0.696273298017746,0.665083910508693,0.717933140573242,1977,522
P3,pink,S+15-100 ms,A,40,80,0.636350452002888,0.617079073883786,0.657843406467504,5488,540
P3,pink,S+15-100 ms,A,80,160,0.547697232951679,0.527815944664831,0.566117342201636,11653,555
P3,pink,S+15-100 ms,B,0,5,0.724498631339392,0.561854976336859,0.886862101675897,64,104
P3,pink,S+15-100 ms,B,5,10,0.795176887772078,0.716818386496621,0.875019859094582,202,236
P3,pink,S+15-100 ms,B,10,20,0.736252360827838,0.686474360479464,0.792986449520348,606,416
P3,pink,S+15-100 ms,B,20,40,0.691076773919262,0.664018256255084,0.724747811677533,2031,525
P3,pink,S+15-100 ms,B,40,80,0.648207918705194,0.627745759434261,0.671086304842014,5517,546
P3,pink,S+15-100 ms,B,80,160,0.582855155484565,0.56828838499768,0.600907778472497,11580,555
P6,pink,S+15-100 ms,A,0,5,0.756777420752459,0.65733287660062,0.841465950891064,64,109
P6,pink,S+15-100 ms,A,5,10,0.740943903843642,0.673463995417911,0.80329389008749,201,244
P6,pink,S+15-100 ms,A,10,20,0.688203738181839,0.650930403034447,0.721479730298604,617,425
P6,pink,S+15-100 ms,A,20,40,0.624393718188437,0.599031837471895,0.649364666429132,1977,522
P6,pink,S+15-100 ms,A,40,80,0.530979988997795,0.511712111488417,0.548451730943303,5488,540
P6,pink,S+15-100 ms,A,80,160,0.456761087440564,0.442916385269992,0.474094346972893,11653,555
P6,pink,S+15-100 ms,B,0,5,0.750355976931192,0.617613228644819,0.866796350005591,64,104
P6,pink,S+15-100 ms,B,5,10,0.770952640219465,0.697635253266344,0.83998711429677,202,236
P6,pink,S+15-100 ms,B,10,20,0.720382013886863,0.659923480147557,0.768095745593925,606,416
P6,pink,S+15-100 ms,B,20,40,0.661545905205933,0.635185223211171,0.683675747247283,2031,525
P6,pink,S+15-100 ms,B,40,80,0.611590910962562,0.591573742776956,0.630938477767548,5517,546
P6,pink,S+15-100 ms,B,80,160,0.538472178875092,0.523601906559043,0.552116822352022,11580,555
E15,exp,S+15-100 ms,A,0,5,0.76677341355568,0.6626379391292,0.862585538808752,64,109
E15,exp,S+15-100 ms,A,5,10,0.750114099698869,0.67110261548011,0.81094762350353,201,244
E15,exp,S+15-100 ms,A,10,20,0.686551755083806,0.655725696943285,0.721283020939816,617,425
E15,exp,S+15-100 ms,A,20,40,0.613392018722234,0.587689596362251,0.636761222016938,1977,522
E15,exp,S+15-100 ms,A,40,80,0.507779825887438,0.489355116685867,0.529975681815876,5488,540
E15,exp,S+15-100 ms,A,80,160,0.44388189579825,0.429469815564179,0.458771479385736,11653,555
E15,exp,S+15-100 ms,B,0,5,0.748796388083843,0.651158675906769,0.883488452138945,64,104
E15,exp,S+15-100 ms,B,5,10,0.785877562743042,0.703502914994904,0.840809234891393,202,236
E15,exp,S+15-100 ms,B,10,20,0.712249387326714,0.669689153540916,0.752876707988132,606,416
E15,exp,S+15-100 ms,B,20,40,0.636082416575209,0.604789224884511,0.658318844371999,2031,525
E15,exp,S+15-100 ms,B,40,80,0.573080526789299,0.553643722035637,0.594513879098322,5517,546
E15,exp,S+15-100 ms,B,80,160,0.490804430803806,0.475729874605813,0.506180973192806,11580,555
G50,gau,S+15-100 ms,A,0,5,0.738645120403985,0.60537869810478,0.811300211571102,64,109
G50,gau,S+15-100 ms,A,5,10,0.742542281093697,0.640711085613588,0.792381866052071,201,244
G50,gau,S+15-100 ms,A,10,20,0.663471664914006,0.621227777845306,0.693729155167558,617,425
G50,gau,S+15-100 ms,A,20,40,0.569058410054773,0.539363859861263,0.59611502576166,1977,522
G50,gau,S+15-100 ms,A,40,80,0.477735159070121,0.458980056957858,0.496696063247572,5488,540
G50,gau,S+15-100 ms,A,80,160,0.450974253684677,0.437524260668929,0.463561636993659,11653,555
G50,gau,S+15-100 ms,B,0,5,0.826481678476459,0.740348535880595,0.904473956640904,64,104
G50,gau,S+15-100 ms,B,5,10,0.793741401513973,0.727047336762707,0.851578827116055,202,236
G50,gau,S+15-100 ms,B,10,20,0.762722858756895,0.709471892127665,0.793151097960688,606,416
G50,gau,S+15-100 ms,B,20,40,0.681046198626855,0.646502799414808,0.705432129271859,2031,525
G50,gau,S+15-100 ms,B,40,80,0.570769911602868,0.543086632040431,0.596596366044362,5517,546
G50,gau,S+15-100 ms,B,80,160,0.505357516269159,0.488600382257679,0.525532556961676,11580,555
data,data,S+40-100 ms,A,0,5,0.767198722550715,0.554506316273897,0.897711505451748,64,96
data,data,S+40-100 ms,A,5,10,0.646438035990559,0.553304720400707,0.737669508854625,197,225
data,data,S+40-100 ms,A,10,20,0.601646541306162,0.557079832029658,0.647026776443065,607,376
data,data,S+40-100 ms,A,20,40,0.553487040830185,0.521816906516099,0.581684235618794,2025,440
data,data,S+40-100 ms,A,40,80,0.535457026472388,0.512983057789661,0.553305770026845,5827,454
data,data,S+40-100 ms,A,80,160,0.526801287994838,0.511341031411527,0.540073213330381,11280,462
data,data,S+40-100 ms,B,0,5,0.608829374991356,0.475519699043001,0.757767811046831,64,101
data,data,S+40-100 ms,B,5,10,0.544907412599772,0.456647032882809,0.598314621450841,204,230
data,data,S+40-100 ms,B,10,20,0.504654008378851,0.456550836739042,0.554495292325162,658,399
data,data,S+40-100 ms,B,20,40,0.461565343466727,0.440062073568249,0.482875216496088,2039,485
data,data,S+40-100 ms,B,40,80,0.456467890903896,0.439082089738823,0.467081486654436,5567,499
data,data,S+40-100 ms,B,80,160,0.446765480192686,0.435567088412684,0.46002849994652,11468,509
H,smooth,S+40-100 ms,A,0,5,0.693081433245555,0.512901804301589,0.795910766999994,64,109
H,smooth,S+40-100 ms,A,5,10,0.696242350536687,0.581534049998415,0.78417827563121,201,244
H,smooth,S+40-100 ms,A,10,20,0.685030516563799,0.645684791586013,0.734798279486709,617,425
H,smooth,S+40-100 ms,A,20,40,0.675717892738245,0.632885030949445,0.716723158570313,1977,522
H,smooth,S+40-100 ms,A,40,80,0.650531031055607,0.626992324535399,0.68060661439661,5488,540
H,smooth,S+40-100 ms,A,80,160,0.63228083449626,0.610033214126579,0.656662582408322,11653,555
H,smooth,S+40-100 ms,B,0,5,0.667548692677894,0.485431183502297,0.816673588685748,64,104
H,smooth,S+40-100 ms,B,5,10,0.665954357968413,0.587612347125708,0.769940498228597,202,236
H,smooth,S+40-100 ms,B,10,20,0.657766955645542,0.578436236916845,0.697455186068161,606,416
H,smooth,S+40-100 ms,B,20,40,0.633118684804584,0.590985505506312,0.670711446731393,2031,525
H,smooth,S+40-100 ms,B,40,80,0.600394304925916,0.575016203974043,0.628991896999752,5517,546
H,smooth,S+40-100 ms,B,80,160,0.562938991133761,0.541172973427039,0.583966400103125,11580,555
L,smooth,S+40-100 ms,A,0,5,0.676104525746639,0.568094749091839,0.820204268930857,64,109
L,smooth,S+40-100 ms,A,5,10,0.695396424245648,0.592411418040913,0.769425957783702,201,244
L,smooth,S+40-100 ms,A,10,20,0.680454799973165,0.635621975293422,0.739208235893276,617,425
L,smooth,S+40-100 ms,A,20,40,0.673432981835571,0.635481530094989,0.70673807546891,1977,522
L,smooth,S+40-100 ms,A,40,80,0.648546187578979,0.621448649717561,0.677209764640165,5488,540
L,smooth,S+40-100 ms,A,80,160,0.624256353182037,0.597990270815839,0.649762109932752,11653,555
L,smooth,S+40-100 ms,B,0,5,0.548603713531253,0.42319304145902,0.751589104001266,64,104
L,smooth,S+40-100 ms,B,5,10,0.571996799295605,0.473127314141493,0.717943333492475,202,236
L,smooth,S+40-100 ms,B,10,20,0.574309914717527,0.527846167632326,0.636826486369163,606,416
L,smooth,S+40-100 ms,B,20,40,0.567847983149618,0.532698965960037,0.593546980079809,2031,525
L,smooth,S+40-100 ms,B,40,80,0.54216381780894,0.517724896129928,0.564603341623109,5517,546
L,smooth,S+40-100 ms,B,80,160,0.517712250706638,0.498915015586227,0.537720427655622,11580,555
GRAD3,smooth,S+40-100 ms,A,0,5,0.713308725493285,0.585082857856803,0.857214775834582,64,109
GRAD3,smooth,S+40-100 ms,A,5,10,0.73443511234983,0.641848070566574,0.808165418493982,201,244
GRAD3,smooth,S+40-100 ms,A,10,20,0.724184576201223,0.682159502685261,0.771145007890782,617,425
GRAD3,smooth,S+40-100 ms,A,20,40,0.718488998593932,0.680116833116569,0.750965768651964,1977,522
GRAD3,smooth,S+40-100 ms,A,40,80,0.691005523275652,0.665870304704853,0.721229255752147,5488,540
GRAD3,smooth,S+40-100 ms,A,80,160,0.676003412057039,0.649572466471682,0.702949225149778,11653,555
GRAD3,smooth,S+40-100 ms,B,0,5,0.662668735919085,0.472048100550352,0.764864281835638,64,104
GRAD3,smooth,S+40-100 ms,B,5,10,0.66590604271437,0.563893786872435,0.758584024818604,202,236
GRAD3,smooth,S+40-100 ms,B,10,20,0.654869035649628,0.582186611247158,0.700787293293379,606,416
GRAD3,smooth,S+40-100 ms,B,20,40,0.622055184597358,0.590461731379995,0.664874340880072,2031,525
GRAD3,smooth,S+40-100 ms,B,40,80,0.592639719403941,0.56681780297697,0.621208164681107,5517,546
GRAD3,smooth,S+40-100 ms,B,80,160,0.560767874499695,0.539151231445184,0.588736785467214,11580,555
A,smooth,S+40-100 ms,A,0,5,0.694909586294496,0.535630026462106,0.809776193248277,64,109
A,smooth,S+40-100 ms,A,5,10,0.70426240383998,0.59236241749811,0.765493132870163,201,244
A,smooth,S+40-100 ms,A,10,20,0.675439656847458,0.615886469464067,0.709104842027597,617,425
A,smooth,S+40-100 ms,A,20,40,0.6543832009704,0.60798832208559,0.686846382939509,1977,522
A,smooth,S+40-100 ms,A,40,80,0.624897601049141,0.603189241164711,0.650486189206635,5488,540
A,smooth,S+40-100 ms,A,80,160,0.580508998654551,0.560308141586685,0.605247942929571,11653,555
A,smooth,S+40-100 ms,B,0,5,0.584157894760861,0.435724636871685,0.781640998179257,64,104
A,smooth,S+40-100 ms,B,5,10,0.649221967580933,0.511028244550136,0.734407384837599,202,236
A,smooth,S+40-100 ms,B,10,20,0.602140211306711,0.526207899967949,0.660947248101268,606,416
A,smooth,S+40-100 ms,B,20,40,0.604300416018407,0.565449037165297,0.640533228712373,2031,525
A,smooth,S+40-100 ms,B,40,80,0.576750678931498,0.547915197424752,0.604835268669256,5517,546
A,smooth,S+40-100 ms,B,80,160,0.571681698336275,0.549779731280054,0.595603303151017,11580,555
L6,det,S+40-100 ms,A,0,5,0.689907529126234,0.54893153525632,0.808278276382211,64,109
L6,det,S+40-100 ms,A,5,10,0.69208707252486,0.591517793155165,0.760324286027932,201,244
L6,det,S+40-100 ms,A,10,20,0.624152468426617,0.580606141581768,0.671883784268081,617,425
L6,det,S+40-100 ms,A,20,40,0.588607756879543,0.560656918635582,0.61667843824079,1977,522
L6,det,S+40-100 ms,A,40,80,0.574113079075535,0.553024573779314,0.594047816627044,5488,540
L6,det,S+40-100 ms,A,80,160,0.564698477170379,0.544885237542993,0.583762240057954,11653,555
L6,det,S+40-100 ms,B,0,5,0.69005916703739,0.528761542563859,0.806267008849009,64,104
L6,det,S+40-100 ms,B,5,10,0.719444921982405,0.652828109462372,0.789182800106097,202,236
L6,det,S+40-100 ms,B,10,20,0.631411702572818,0.588504694079283,0.676256912222664,606,416
L6,det,S+40-100 ms,B,20,40,0.558089358070269,0.539217120662058,0.582289600283911,2031,525
L6,det,S+40-100 ms,B,40,80,0.540353380443956,0.520599143297433,0.560704783700767,5517,546
L6,det,S+40-100 ms,B,80,160,0.487544046426613,0.472954887370348,0.5007271364555,11580,555
FZ,det,S+40-100 ms,A,0,5,0.801598377592348,0.682212321853644,0.893080493319956,64,109
FZ,det,S+40-100 ms,A,5,10,0.792452336276868,0.735551691704936,0.85277404796418,201,244
FZ,det,S+40-100 ms,A,10,20,0.739798274086935,0.701887283909316,0.781936257250258,617,425
FZ,det,S+40-100 ms,A,20,40,0.681381909626621,0.651670834975448,0.708414094828923,1977,522
FZ,det,S+40-100 ms,A,40,80,0.630230532117453,0.605328256706823,0.652336805738505,5488,540
FZ,det,S+40-100 ms,A,80,160,0.625926837898762,0.606179908539957,0.646978155184208,11653,555
FZ,det,S+40-100 ms,B,0,5,0.79270642407304,0.646306493366825,0.902731351588337,64,104
FZ,det,S+40-100 ms,B,5,10,0.765348037447661,0.663210732708151,0.852333542087986,202,236
FZ,det,S+40-100 ms,B,10,20,0.707134377563027,0.645014041911568,0.753320602121784,606,416
FZ,det,S+40-100 ms,B,20,40,0.655797269453487,0.623496412232333,0.689155046769372,2031,525
FZ,det,S+40-100 ms,B,40,80,0.623288701218324,0.597158840044742,0.649136130313087,5517,546
FZ,det,S+40-100 ms,B,80,160,0.600373056346586,0.581530904885129,0.620225551915725,11580,555
P3,pink,S+40-100 ms,A,0,5,0.784589766978099,0.646481515453128,0.875472666646156,64,109
P3,pink,S+40-100 ms,A,5,10,0.784948661286257,0.725445275357161,0.822043400752354,201,244
P3,pink,S+40-100 ms,A,10,20,0.682870028797647,0.64407270253294,0.734557567326731,617,425
P3,pink,S+40-100 ms,A,20,40,0.602477230618065,0.5792091403103,0.626605825169712,1977,522
P3,pink,S+40-100 ms,A,40,80,0.574617394621786,0.556829130625496,0.593803746285974,5488,540
P3,pink,S+40-100 ms,A,80,160,0.513095126436842,0.500496905171564,0.524584020297209,11653,555
P3,pink,S+40-100 ms,B,0,5,0.722066392194991,0.642018701734219,0.841755825343326,64,104
P3,pink,S+40-100 ms,B,5,10,0.720730223236396,0.664937459391055,0.780833211289257,202,236
P3,pink,S+40-100 ms,B,10,20,0.636363167049825,0.587102171494145,0.680958261377475,606,416
P3,pink,S+40-100 ms,B,20,40,0.563381087788054,0.540065122483147,0.587161701373713,2031,525
P3,pink,S+40-100 ms,B,40,80,0.511090811514286,0.494167143728517,0.526866186120939,5517,546
P3,pink,S+40-100 ms,B,80,160,0.480272029249518,0.468751213334972,0.491750842778394,11580,555
P6,pink,S+40-100 ms,A,0,5,0.773841210029471,0.590208182014163,0.866693138836316,64,109
P6,pink,S+40-100 ms,A,5,10,0.778976488450871,0.687448303203905,0.81437180349813,201,244
P6,pink,S+40-100 ms,A,10,20,0.683758392911648,0.636043498834771,0.721141783047577,617,425
P6,pink,S+40-100 ms,A,20,40,0.614451450723335,0.586787433049039,0.638233074107354,1977,522
P6,pink,S+40-100 ms,A,40,80,0.569779583179497,0.546349210764114,0.588536779984513,5488,540
P6,pink,S+40-100 ms,A,80,160,0.512583329132459,0.49842340048313,0.525740481995585,11653,555
P6,pink,S+40-100 ms,B,0,5,0.721990270719871,0.614389062679969,0.821531128753972,64,104
P6,pink,S+40-100 ms,B,5,10,0.709305012476223,0.62931727389718,0.773645058757834,202,236
P6,pink,S+40-100 ms,B,10,20,0.621787984953913,0.574052516539549,0.657112826794521,606,416
P6,pink,S+40-100 ms,B,20,40,0.536456547429218,0.514748443532013,0.557189963538948,2031,525
P6,pink,S+40-100 ms,B,40,80,0.496419583683527,0.478387428396993,0.50800479274515,5517,546
P6,pink,S+40-100 ms,B,80,160,0.47441274270421,0.463757041642437,0.484264501318867,11580,555
E15,exp,S+40-100 ms,A,0,5,0.734481712315533,0.628711728647678,0.876144538670306,64,109
E15,exp,S+40-100 ms,A,5,10,0.784855922152193,0.703477922776079,0.83993606828619,201,244
E15,exp,S+40-100 ms,A,10,20,0.680106620007328,0.624742823328454,0.735197870861197,617,425
E15,exp,S+40-100 ms,A,20,40,0.599742665264619,0.569284509296499,0.623376372095078,1977,522
E15,exp,S+40-100 ms,A,40,80,0.546224222904033,0.523953507147985,0.566850868838339,5488,540
E15,exp,S+40-100 ms,A,80,160,0.503672456629712,0.489182175401576,0.520402755234998,11653,555
E15,exp,S+40-100 ms,B,0,5,0.772143646478644,0.674593403486794,0.843827373779111,64,104
E15,exp,S+40-100 ms,B,5,10,0.739168488973962,0.69083061225496,0.803007587880333,202,236
E15,exp,S+40-100 ms,B,10,20,0.647401825526799,0.600332728050761,0.685617748089783,606,416
E15,exp,S+40-100 ms,B,20,40,0.544779654974567,0.520562179206453,0.571969455183812,2031,525
E15,exp,S+40-100 ms,B,40,80,0.47797827236677,0.463785501546724,0.491582978148509,5517,546
E15,exp,S+40-100 ms,B,80,160,0.478824838202474,0.467822427221579,0.489464251403964,11580,555
G50,gau,S+40-100 ms,A,0,5,0.707944613521687,0.584459486730609,0.783519174547156,64,109
G50,gau,S+40-100 ms,A,5,10,0.689732319503462,0.583965616327691,0.736055680882608,201,244
G50,gau,S+40-100 ms,A,10,20,0.647703122699209,0.599200726919136,0.678310197458561,617,425
G50,gau,S+40-100 ms,A,20,40,0.544877807607989,0.523625881662326,0.567916589259085,1977,522
G50,gau,S+40-100 ms,A,40,80,0.493795559433207,0.478342793089609,0.51275727384132,5488,540
G50,gau,S+40-100 ms,A,80,160,0.473266044009028,0.462982736460379,0.483079606136466,11653,555
G50,gau,S+40-100 ms,B,0,5,0.765942191330227,0.620745945573381,0.877206492573042,64,104
G50,gau,S+40-100 ms,B,5,10,0.709663480001089,0.635085195742425,0.761530609576673,202,236
G50,gau,S+40-100 ms,B,10,20,0.636627213460425,0.595030309273032,0.671426824784441,606,416
G50,gau,S+40-100 ms,B,20,40,0.560185117585506,0.533907723864379,0.592084373185908,2031,525
G50,gau,S+40-100 ms,B,40,80,0.488149857393535,0.471335597410281,0.505740673433436,5517,546
G50,gau,S+40-100 ms,B,80,160,0.46740817316965,0.453824498110207,0.479501641123537,11580,555
data,data,S+50-110 ms,A,0,5,0.808741127800365,0.585752774791107,0.893910050923946,64,96
data,data,S+50-110 ms,A,5,10,0.662364260453757,0.581345223424989,0.748183492266148,197,225
data,data,S+50-110 ms,A,10,20,0.623341229550386,0.573153946929251,0.671431100235555,607,376
data,data,S+50-110 ms,A,20,40,0.553196789565615,0.524086313754825,0.580457596286004,2025,440
data,data,S+50-110 ms,A,40,80,0.541596515587913,0.521691062328437,0.559635823866715,5827,454
data,data,S+50-110 ms,A,80,160,0.536094790315132,0.518343482028049,0.551626206483882,11280,462
data,data,S+50-110 ms,B,0,5,0.636470678126017,0.500661569566162,0.7238984325671,64,101
data,data,S+50-110 ms,B,5,10,0.530452281216323,0.465300576940929,0.616836331834726,204,230
data,data,S+50-110 ms,B,10,20,0.490813760135539,0.453117869620599,0.539547398913452,658,399
data,data,S+50-110 ms,B,20,40,0.452314810187909,0.428514835276326,0.476057736974373,2039,485
data,data,S+50-110 ms,B,40,80,0.450249780666211,0.434228109270035,0.467064681396396,5567,499
data,data,S+50-110 ms,B,80,160,0.440193775967531,0.428783204856404,0.451610692788974,11468,509
H,smooth,S+50-110 ms,A,0,5,0.639253890980466,0.512373327188683,0.7279032829599,64,109
H,smooth,S+50-110 ms,A,5,10,0.667471339960939,0.552597967986381,0.727518760986509,201,244
H,smooth,S+50-110 ms,A,10,20,0.627885132881293,0.57464614040034,0.66604926148358,617,425
H,smooth,S+50-110 ms,A,20,40,0.609387666052552,0.576136622072754,0.641790039738946,1977,522
H,smooth,S+50-110 ms,A,40,80,0.591446763610663,0.565699200107126,0.621953500278203,5488,540
H,smooth,S+50-110 ms,A,80,160,0.578011326553485,0.55925480039435,0.599361058669617,11653,555
H,smooth,S+50-110 ms,B,0,5,0.68203374414429,0.45652458085738,0.776284234090857,64,104
H,smooth,S+50-110 ms,B,5,10,0.653570633437647,0.522756821468279,0.73269150567935,202,236
H,smooth,S+50-110 ms,B,10,20,0.61804383298614,0.560196872470584,0.653517394204398,606,416
H,smooth,S+50-110 ms,B,20,40,0.604199830119316,0.56325907319154,0.639074922856137,2031,525
H,smooth,S+50-110 ms,B,40,80,0.569751531891649,0.544978324284114,0.595951177031747,5517,546
H,smooth,S+50-110 ms,B,80,160,0.540395363464453,0.519132883636329,0.560991583150119,11580,555
L,smooth,S+50-110 ms,A,0,5,0.635911361706528,0.545106372132991,0.739459971688494,64,109
L,smooth,S+50-110 ms,A,5,10,0.642960213758725,0.543825431751727,0.726391664588141,201,244
L,smooth,S+50-110 ms,A,10,20,0.60510180684193,0.548334006723536,0.648050612560578,617,425
L,smooth,S+50-110 ms,A,20,40,0.590865647509078,0.557014798932281,0.611660949931878,1977,522
L,smooth,S+50-110 ms,A,40,80,0.573945630774238,0.550676864575336,0.59500530436049,5488,540
L,smooth,S+50-110 ms,A,80,160,0.559435845712732,0.539402166971045,0.577518456755986,11653,555
L,smooth,S+50-110 ms,B,0,5,0.520311152589408,0.404364988684158,0.736360970784765,64,104
L,smooth,S+50-110 ms,B,5,10,0.596186808614074,0.500724282298882,0.677215471207925,202,236
L,smooth,S+50-110 ms,B,10,20,0.580794005488319,0.534095824940039,0.626106744426917,606,416
L,smooth,S+50-110 ms,B,20,40,0.562218741607859,0.522524274473365,0.598546520218744,2031,525
L,smooth,S+50-110 ms,B,40,80,0.542313174942634,0.520086176575927,0.565247638846508,5517,546
L,smooth,S+50-110 ms,B,80,160,0.51249908206968,0.496513885394446,0.532421361387076,11580,555
GRAD3,smooth,S+50-110 ms,A,0,5,0.640283483454836,0.492370876906226,0.737087320449008,64,109
GRAD3,smooth,S+50-110 ms,A,5,10,0.657550288390357,0.571080593603441,0.735751966752037,201,244
GRAD3,smooth,S+50-110 ms,A,10,20,0.612450234933783,0.570825089907562,0.658811915625153,617,425
GRAD3,smooth,S+50-110 ms,A,20,40,0.592125685329475,0.562611639937414,0.633123651115592,1977,522
GRAD3,smooth,S+50-110 ms,A,40,80,0.581715779434562,0.554094261403605,0.609763778355611,5488,540
GRAD3,smooth,S+50-110 ms,A,80,160,0.570051912468678,0.550073294040385,0.591389137883899,11653,555
GRAD3,smooth,S+50-110 ms,B,0,5,0.655253965648177,0.443252445503838,0.754724713071214,64,104
GRAD3,smooth,S+50-110 ms,B,5,10,0.641011486162417,0.52614283520557,0.73795209654212,202,236
GRAD3,smooth,S+50-110 ms,B,10,20,0.615174116306731,0.553436259906599,0.661103900631587,606,416
GRAD3,smooth,S+50-110 ms,B,20,40,0.601763093334209,0.568340452430819,0.636505349908605,2031,525
GRAD3,smooth,S+50-110 ms,B,40,80,0.565828968840238,0.539291213216986,0.59639376677085,5517,546
GRAD3,smooth,S+50-110 ms,B,80,160,0.541067901012107,0.521058987405774,0.564227298598657,11580,555
A,smooth,S+50-110 ms,A,0,5,0.711889319611429,0.516812333943667,0.794290337668937,64,109
A,smooth,S+50-110 ms,A,5,10,0.680217671930558,0.582974728370249,0.735113951662143,201,244
A,smooth,S+50-110 ms,A,10,20,0.651040017004163,0.577358863639133,0.701673024324904,617,425
A,smooth,S+50-110 ms,A,20,40,0.632947528612868,0.594175845413223,0.671204449050068,1977,522
A,smooth,S+50-110 ms,A,40,80,0.612306216569484,0.580923307106898,0.636586583482664,5488,540
A,smooth,S+50-110 ms,A,80,160,0.576959412706666,0.556292156175827,0.599224150791781,11653,555
A,smooth,S+50-110 ms,B,0,5,0.565105924618382,0.478654077971658,0.711751184834466,64,104
A,smooth,S+50-110 ms,B,5,10,0.616852793287211,0.529589244768974,0.718129831902631,202,236
A,smooth,S+50-110 ms,B,10,20,0.580167976335075,0.5285108325948,0.627124674449022,606,416
A,smooth,S+50-110 ms,B,20,40,0.584344001388411,0.549146612300438,0.614337726263357,2031,525
A,smooth,S+50-110 ms,B,40,80,0.569138934674219,0.541576523290891,0.594213544099097,5517,546
A,smooth,S+50-110 ms,B,80,160,0.557679084287729,0.538559331297445,0.581097383923957,11580,555
L6,det,S+50-110 ms,A,0,5,0.654626829808446,0.542527015159519,0.762206225063892,64,109
L6,det,S+50-110 ms,A,5,10,0.666584514622572,0.544753941178366,0.73079143456875,201,244
L6,det,S+50-110 ms,A,10,20,0.562845682634295,0.521457092475493,0.610289651135751,617,425
L6,det,S+50-110 ms,A,20,40,0.524998974364505,0.501850461846874,0.550901739275286,1977,522
L6,det,S+50-110 ms,A,40,80,0.509055027022407,0.493730614651,0.527936197955614,5488,540
L6,det,S+50-110 ms,A,80,160,0.50493463260324,0.489481648678286,0.51927703551496,11653,555
L6,det,S+50-110 ms,B,0,5,0.678346552753125,0.574440934803762,0.8301829469808,64,104
L6,det,S+50-110 ms,B,5,10,0.721147624190568,0.658272577681211,0.807580487476096,202,236
L6,det,S+50-110 ms,B,10,20,0.675260735364911,0.618621520229562,0.722893714272496,606,416
L6,det,S+50-110 ms,B,20,40,0.620342741653209,0.592530023606439,0.651335033189442,2031,525
L6,det,S+50-110 ms,B,40,80,0.578616388930692,0.555990519796315,0.600788799363526,5517,546
L6,det,S+50-110 ms,B,80,160,0.51881912024846,0.497891309021793,0.537985934859246,11580,555
FZ,det,S+50-110 ms,A,0,5,0.7383326962568,0.630314302275301,0.85739238064558,64,109
FZ,det,S+50-110 ms,A,5,10,0.703302116740744,0.596556933097227,0.769041579538831,201,244
FZ,det,S+50-110 ms,A,10,20,0.677562361801161,0.646690395329628,0.728115307048504,617,425
FZ,det,S+50-110 ms,A,20,40,0.653396349340873,0.625141977914165,0.68403112652306,1977,522
FZ,det,S+50-110 ms,A,40,80,0.617008183234454,0.592328328025371,0.633237797276409,5488,540
FZ,det,S+50-110 ms,A,80,160,0.580432843946547,0.56187967544666,0.601706573454894,11653,555
FZ,det,S+50-110 ms,B,0,5,0.766076330908864,0.590295334021471,0.902058394607942,64,104
FZ,det,S+50-110 ms,B,5,10,0.685406362870987,0.62114213770077,0.787122852737446,202,236
FZ,det,S+50-110 ms,B,10,20,0.651360689544247,0.594140053292399,0.704790646245522,606,416
FZ,det,S+50-110 ms,B,20,40,0.632248608218164,0.598928050699638,0.662147583320517,2031,525
FZ,det,S+50-110 ms,B,40,80,0.599329526590713,0.577159143246468,0.622765858010891,5517,546
FZ,det,S+50-110 ms,B,80,160,0.572445030793248,0.554885986078151,0.592212859719228,11580,555
P3,pink,S+50-110 ms,A,0,5,0.725751571404554,0.577280871883335,0.842488679811298,64,109
P3,pink,S+50-110 ms,A,5,10,0.74558343769054,0.672890666148318,0.817263798940415,201,244
P3,pink,S+50-110 ms,A,10,20,0.643311100699765,0.592632288815069,0.698599972924502,617,425
P3,pink,S+50-110 ms,A,20,40,0.548989289168833,0.525470258725364,0.576296476192673,1977,522
P3,pink,S+50-110 ms,A,40,80,0.530395515009227,0.511935572501831,0.55012804089663,5488,540
P3,pink,S+50-110 ms,A,80,160,0.492873174220157,0.480623920734148,0.5049008687994,11653,555
P3,pink,S+50-110 ms,B,0,5,0.760455725213076,0.662652910353574,0.85203843794577,64,104
P3,pink,S+50-110 ms,B,5,10,0.712289534262954,0.594745582900547,0.796928248846024,202,236
P3,pink,S+50-110 ms,B,10,20,0.640760997637292,0.596606359665214,0.679615329572177,606,416
P3,pink,S+50-110 ms,B,20,40,0.557944919792456,0.527621395206672,0.580368508024831,2031,525
P3,pink,S+50-110 ms,B,40,80,0.514110586784529,0.497732908710308,0.529840659315152,5517,546
P3,pink,S+50-110 ms,B,80,160,0.478628029246818,0.466402537063777,0.492834040723453,11580,555
P6,pink,S+50-110 ms,A,0,5,0.739953483917193,0.562302841478005,0.86249210990864,64,109
P6,pink,S+50-110 ms,A,5,10,0.758460903043974,0.670562747415934,0.811422729472425,201,244
P6,pink,S+50-110 ms,A,10,20,0.652209701288918,0.589426674985529,0.699642312659043,617,425
P6,pink,S+50-110 ms,A,20,40,0.56928468187136,0.545701157878553,0.596304922317284,1977,522
P6,pink,S+50-110 ms,A,40,80,0.540626139827741,0.522433018884915,0.563588213525375,5488,540
P6,pink,S+50-110 ms,A,80,160,0.498352302596642,0.485522623594461,0.514108694204093,11653,555
P6,pink,S+50-110 ms,B,0,5,0.715003359641259,0.590991352935806,0.85745908466314,64,104
P6,pink,S+50-110 ms,B,5,10,0.686386465228778,0.604369048867252,0.760910393691162,202,236
P6,pink,S+50-110 ms,B,10,20,0.593575238126527,0.546323682365209,0.640314049932554,606,416
P6,pink,S+50-110 ms,B,20,40,0.535839463373593,0.513036990867642,0.557698611727749,2031,525
P6,pink,S+50-110 ms,B,40,80,0.505466619422905,0.488815822912606,0.521977845295586,5517,546
P6,pink,S+50-110 ms,B,80,160,0.467519499114569,0.455298940473718,0.479824966350197,11580,555
E15,exp,S+50-110 ms,A,0,5,0.717436213388965,0.620939551677381,0.888294182394356,64,109
E15,exp,S+50-110 ms,A,5,10,0.782323267097108,0.671694133360224,0.82662383799726,201,244
E15,exp,S+50-110 ms,A,10,20,0.655811665934162,0.591634172878391,0.696621096351183,617,425
E15,exp,S+50-110 ms,A,20,40,0.554879760821821,0.528516841373905,0.584431492846013,1977,522
E15,exp,S+50-110 ms,A,40,80,0.515616694483428,0.496540786050564,0.53452735503794,5488,540
E15,exp,S+50-110 ms,A,80,160,0.49386904005632,0.478754521414272,0.508272924575318,11653,555
E15,exp,S+50-110 ms,B,0,5,0.784482962035128,0.684345461109389,0.857682469880107,64,104
E15,exp,S+50-110 ms,B,5,10,0.758155811398565,0.672957026906223,0.793205688913433,202,236
E15,exp,S+50-110 ms,B,10,20,0.659193318041696,0.615218986973038,0.704196981660086,606,416
E15,exp,S+50-110 ms,B,20,40,0.547736835769666,0.52237486362801,0.577376881240304,2031,525
E15,exp,S+50-110 ms,B,40,80,0.499308305506632,0.484733807977589,0.515990989746958,5517,546
E15,exp,S+50-110 ms,B,80,160,0.485056237630683,0.472332429581637,0.497195762808462,11580,555
G50,gau,S+50-110 ms,A,0,5,0.737260038272618,0.577499767922086,0.794218785907282,64,109
G50,gau,S+50-110 ms,A,5,10,0.672010374433902,0.602362491297867,0.737810383775361,201,244
G50,gau,S+50-110 ms,A,10,20,0.628818735500279,0.589872856984622,0.651996804601775,617,425
G50,gau,S+50-110 ms,A,20,40,0.540538946564337,0.516998019244384,0.568392204093401,1977,522
G50,gau,S+50-110 ms,A,40,80,0.501706221660827,0.485206091783894,0.517228678796428,5488,540
G50,gau,S+50-110 ms,A,80,160,0.476831825711795,0.464592829086184,0.489285171376605,11653,555
G50,gau,S+50-110 ms,B,0,5,0.765669462233758,0.608288570511809,0.874217813973454,64,104
G50,gau,S+50-110 ms,B,5,10,0.688421080762607,0.612198881391951,0.755535153111337,202,236
G50,gau,S+50-110 ms,B,10,20,0.609248406169493,0.566938692911187,0.682868686788335,606,416
G50,gau,S+50-110 ms,B,20,40,0.565561955845241,0.539224973676077,0.590307306095331,2031,525
G50,gau,S+50-110 ms,B,40,80,0.512149392056612,0.492198197744993,0.531071821930579,5517,546
G50,gau,S+50-110 ms,B,80,160,0.470250280078081,0.456901253559443,0.484521327205044,11580,555
