model,fit_end_ms,coda_ms,overlap,med_A,med_B
A,15,40-100,0,-1.91226009496468,-1.18876012985892
A,15,50-110,0,-2.14956196497377,-1.4185812299156
A,15,30-100,0,-1.54838170274517,-1.04545688665659
A,10,40-100,0,-1.90881331678938,-1.19762023290515
A,10,50-110,0,-2.14947805589068,-1.41679850812946
A,10,30-100,0,-1.58043544596655,-1.04832869662743
A,20,40-100,0,-1.90796755590487,-1.18800045823628
A,20,50-110,0,-2.14723503527558,-1.41697307233722
A,20,30-100,0,-1.55497757080649,-1.03261335723133
A,60,40-100,1,-1.88916966854524,-1.20140267381503
A,60,50-110,1,-2.14055805973547,-1.42336483144374
A,60,30-100,1,-1.54162891145108,-1.03185882999451
E15,15,40-100,0,0.283932218391473,0.941914531750245
E15,15,50-110,0,0.171968010925019,0.920737574703553
E15,15,30-100,0,0.378577309229385,0.880175279805699
E15,10,40-100,0,0.310705865122649,0.973309879775632
E15,10,50-110,0,0.185883560213301,0.946452602388029
E15,10,30-100,0,0.418900453139782,0.890618702864163
E15,20,40-100,0,0.257311507297769,0.926998037030065
E15,20,50-110,0,0.164963037965436,0.91567352356226
E15,20,30-100,0,0.366452426941079,0.865272636751032
E15,60,40-100,1,0.140193503865881,0.712574639122013
E15,60,50-110,1,0.0252405520051364,0.743765119227335
E15,60,30-100,1,0.270421155132375,0.591473161672031
E15b,15,40-100,0,0.402325602254813,0.64458822838381
E15b,15,50-110,0,0.328870149418967,0.642036117444388
E15b,15,30-100,0,0.447750212188891,0.593846755646306
E15b,10,40-100,0,0.363301118467075,0.679069301960456
E15b,10,50-110,0,0.302129396043463,0.678998952799814
E15b,10,30-100,0,0.451878372937056,0.639348341613391
E15b,20,40-100,0,0.411164188265109,0.635332269536343
E15b,20,50-110,0,0.314551367700693,0.650382915439738
E15b,20,30-100,0,0.434116262786971,0.563903571748735
E15b,60,40-100,1,0.176919621207211,0.396034007624675
E15b,60,50-110,1,0.123914522485009,0.43164615095393
E15b,60,30-100,1,0.211705096813333,0.345150863079778
E50,15,40-100,0,0.305341136552026,0.706004771655708
E50,15,50-110,0,0.220416947399022,0.730089491980101
E50,15,30-100,0,0.351954926750281,0.693293013366421
E50,10,40-100,0,0.315057347147553,0.730939831144118
E50,10,50-110,0,0.194882049776638,0.700919380060555
E50,10,30-100,0,0.378095961852136,0.708772785348402
E50,20,40-100,0,0.240298048608351,0.695225229793483
E50,20,50-110,0,0.157632505622763,0.707428095246619
E50,20,30-100,0,0.3078530930317,0.67010392321074
E50,60,40-100,1,0.161774739025107,0.46800437855287
E50,60,50-110,1,0.0909841031317841,0.493912388911458
E50,60,30-100,1,0.207621135991669,0.422461720407285
FZ,15,40-100,0,-1.04066639485516,-0.388464597209265
FZ,15,50-110,0,-1.33032947287604,-0.646029469793656
FZ,15,30-100,0,-0.816180997472574,-0.192156581749576
FZ,10,40-100,0,-1.03949672649152,-0.328042735975108
FZ,10,50-110,0,-1.31982431808559,-0.611871616643996
FZ,10,30-100,0,-0.81761430247869,-0.162746891641564
FZ,20,40-100,0,-1.06536837670259,-0.393733800612613
FZ,20,50-110,0,-1.3209346117468,-0.672721539891815
FZ,20,30-100,0,-0.845588480747045,-0.201027703218373
FZ,60,40-100,1,-1.13196826046858,-0.479369685791171
FZ,60,50-110,1,-1.39867980980556,-0.73853913178394
FZ,60,30-100,1,-0.927572022587028,-0.292755226246519
G15,15,40-100,0,0.424235081139119,1.11607400897932
G15,15,50-110,0,0.384449118200909,1.10713981065333
G15,15,30-100,0,0.547297772853662,1.01680094972351
G15,10,40-100,0,0.460029696528655,1.13030017812055
G15,10,50-110,0,0.387570449945184,1.13029889057132
G15,10,30-100,0,0.571187906898441,1.04818392022432
G15,20,40-100,0,0.424257079973601,1.06826857232211
G15,20,50-110,0,0.361834867619491,1.0755044902383
G15,20,30-100,0,0.527172141112417,0.978777143561667
G15,60,40-100,1,0.250846462687427,0.78413462416363
G15,60,50-110,1,0.201023124495527,0.850178939583339
G15,60,30-100,1,0.310119102598893,0.690317469670319
G50,15,40-100,0,0.293496574784756,0.540918748199862
G50,15,50-110,0,0.163773117099547,0.48943771729747
G50,15,30-100,0,0.345842533362984,0.551325937169859
G50,10,40-100,0,0.312736534069165,0.589677024453516
G50,10,50-110,0,0.164187935048206,0.541286911517311
G50,10,30-100,0,0.367874422361596,0.579286831167247
G50,20,40-100,0,0.262177100171301,0.504458194699495
G50,20,50-110,0,0.11054081012212,0.452781140176426
G50,20,30-100,0,0.310875203022556,0.5005458887472
G50,60,40-100,1,0.160735188375964,0.253344489897176
G50,60,50-110,1,0.0704327124095248,0.161511002007448
G50,60,30-100,1,0.217875502176462,0.218965577479108
G50b,15,40-100,0,0.359186493568235,-0.582285032096223
G50b,15,50-110,0,0.32627225076882,-0.73105886159193
G50b,15,30-100,0,0.387713876514253,-0.487843667934554
G50b,10,40-100,0,0.323625386912095,-0.580691482498237
G50b,10,50-110,0,0.345315843844092,-0.76299486881986
G50b,10,30-100,0,0.34695217282221,-0.500001963425241
G50b,20,40-100,0,0.34043820283011,-0.579418720879458
G50b,20,50-110,0,0.33355901034844,-0.75911489763958
G50b,20,30-100,0,0.360662820754205,-0.486557441679258
G50b,60,40-100,1,0.195678360317089,-0.639569670055247
G50b,60,50-110,1,0.211506129040937,-0.851376097297827
G50b,60,30-100,1,0.211688810830564,-0.543274252707729
GRAD3,15,40-100,0,-1.67015841905662,-1.10999647343941
GRAD3,15,50-110,0,-2.11200414195767,-1.44396939187508
GRAD3,15,30-100,0,-1.49172684405193,-1.01758000963011
GRAD3,10,40-100,0,-1.65213197601623,-1.09175449549257
GRAD3,10,50-110,0,-2.09001070547014,-1.42536881780835
GRAD3,10,30-100,0,-1.47117541028341,-0.992873809190217
GRAD3,20,40-100,0,-1.66612143009726,-1.11443516323052
GRAD3,20,50-110,0,-2.11246042507633,-1.44483230809471
GRAD3,20,30-100,0,-1.49274710007353,-1.01541424017756
GRAD3,60,40-100,1,-1.66681862413101,-1.12646156582016
GRAD3,60,50-110,1,-2.12108884070705,-1.44643427714842
GRAD3,60,30-100,1,-1.49744211382014,-1.03351855456613
H,15,40-100,0,-1.79620183096924,-1.09028778826592
H,15,50-110,0,-2.21078312067084,-1.40797703269102
H,15,30-100,0,-1.57733581822793,-0.991263861787867
H,10,40-100,0,-1.77363381421091,-1.0674831361922
H,10,50-110,0,-2.17074197741513,-1.41190128814622
H,10,30-100,0,-1.56603277024933,-0.9618840732745
H,20,40-100,0,-1.78713535030026,-1.08070543723919
H,20,50-110,0,-2.20535589717802,-1.40596610363219
H,20,30-100,0,-1.58339658116366,-0.976859710375008
H,60,40-100,1,-1.79388447790163,-1.08817539986672
H,60,50-110,1,-2.2186198777514,-1.40880218566293
H,60,30-100,1,-1.58840325566596,-0.993017312631691
L,15,40-100,0,-1.64090383653267,-1.17208219222836
L,15,50-110,0,-1.98913540441162,-1.39447134353042
L,15,30-100,0,-1.44992349179964,-1.03321706331677
L,10,40-100,0,-1.64272122803586,-1.15981329713599
L,10,50-110,0,-1.98964564409351,-1.40402054215118
L,10,30-100,0,-1.4585813871455,-1.0289310898886
L,20,40-100,0,-1.64122562397242,-1.18277704552988
L,20,50-110,0,-1.99636663197693,-1.40849504087291
L,20,30-100,0,-1.45541507911152,-1.03855385581736
L,60,40-100,1,-1.6456342091718,-1.17877321035551
L,60,50-110,1,-1.97739290324509,-1.40298908640625
L,60,30-100,1,-1.45087473305273,-1.03412684993377
L6,15,40-100,0,-1.28046204754359,-0.526068757507567
L6,15,50-110,0,-1.46312214660744,-0.640462844589668
L6,15,30-100,0,-1.11094016610104,-0.483088759563186
L6,10,40-100,0,-1.28807038091064,-0.515100608772737
L6,10,50-110,0,-1.44317743062903,-0.63912474280809
L6,10,30-100,0,-1.11775305800377,-0.479619069560668
L6,20,40-100,0,-1.2822746732943,-0.528354003331279
L6,20,50-110,0,-1.45169704546038,-0.618153954435218
L6,20,30-100,0,-1.11309985672502,-0.473796709319967
L6,60,40-100,1,-1.27760873597801,-0.545627693391495
L6,60,50-110,1,-1.45284224561701,-0.630588799435742
L6,60,30-100,1,-1.12045761670635,-0.500035792715911
P1,15,40-100,0,-0.735941132977223,0.0160158188644288
P1,15,50-110,0,-0.901499952021166,-0.0848879321505747
P1,15,30-100,0,-0.595773076254761,0.0537403426531563
P1,10,40-100,0,-0.592573864974206,0.0305533634700088
P1,10,50-110,0,-0.776545050676499,-0.0841875908006855
P1,10,30-100,0,-0.495421941139324,0.0415818898929805
P1,20,40-100,0,-0.723928903421564,-0.00322277847011738
P1,20,50-110,0,-0.897647188131301,-0.101563847651383
P1,20,30-100,0,-0.582868647418532,0.0209144934476502
P1,60,40-100,1,-0.862524285335907,-0.166178872005589
P1,60,50-110,1,-1.04320348130119,-0.207677885117632
P1,60,30-100,1,-0.730810569718439,-0.150386175316783
P11,15,40-100,0,0.76594865861359,1.06226311136096
P11,15,50-110,0,0.716149298298617,1.11492404166449
P11,15,30-100,0,0.775961125078042,0.965472609765392
P11,10,40-100,0,0.799184281094646,1.05113983379918
P11,10,50-110,0,0.7428246517601,1.11328339731667
P11,10,30-100,0,0.820006424009624,0.989726021247707
P11,20,40-100,0,0.770228171605407,1.05266158425917
P11,20,50-110,0,0.722921935529961,1.08491607705253
P11,20,30-100,0,0.75900687756216,0.951438791090559
P11,60,40-100,1,0.670892531311312,0.729765627629705
P11,60,50-110,1,0.638578131456935,0.805485615238052
P11,60,30-100,1,0.667546833620567,0.631220371643291
P2,15,40-100,0,-0.7304032683807,-0.033404764167833
P2,15,50-110,0,-0.938433981565799,-0.101511629281469
P2,15,30-100,0,-0.624078213680657,-0.0116109816690745
P2,10,40-100,0,-0.695000245664819,-0.054936413818252
P2,10,50-110,0,-0.860673559202056,-0.136281643904798
P2,10,30-100,0,-0.574115301464152,-0.0144601464580166
P2,20,40-100,0,-0.755766516665814,-0.0294691834774697
P2,20,50-110,0,-0.944991104212952,-0.11510876056485
P2,20,30-100,0,-0.603296791232571,-0.0178795814534164
P2,60,40-100,1,-0.848980986001197,-0.189131271548692
P2,60,50-110,1,-1.07182501482916,-0.288180412993802
P2,60,30-100,1,-0.747691687617942,-0.189129808626366
P3,15,40-100,0,-0.143701513840973,0.527327592716422
P3,15,50-110,0,-0.304802287215623,0.498456100430758
P3,15,30-100,0,-0.0334205608994184,0.448655295495232
P3,10,40-100,0,-0.0702982529917811,0.58186898681429
P3,10,50-110,0,-0.224477169814029,0.524107125816923
P3,10,30-100,0,0.0378186204284383,0.516839561921452
P3,20,40-100,0,-0.154816568184165,0.496235610789292
P3,20,50-110,0,-0.337817564256688,0.479984866714333
P3,20,30-100,0,-0.0242489120640881,0.417012064038467
P3,60,40-100,1,-0.340257153601182,0.283535343589621
P3,60,50-110,1,-0.484922477223863,0.276190826829666
P3,60,30-100,1,-0.208005705243489,0.250141146305864
P4,15,40-100,0,-1.20349402517231,-0.494579878153692
P4,15,50-110,0,-1.51790707047552,-0.607061498424775
P4,15,30-100,0,-1.07510834404744,-0.460162425685688
P4,10,40-100,0,-1.17559066202686,-0.471305598271864
P4,10,50-110,0,-1.41999183260588,-0.600385713686595
P4,10,30-100,0,-1.06021423993157,-0.447678810517781
P4,20,40-100,0,-1.21330051721052,-0.48544362226948
P4,20,50-110,0,-1.50208877748707,-0.598596394508369
P4,20,30-100,0,-1.07528546692401,-0.438724758857016
P4,60,40-100,1,-1.29197016143303,-0.538336239812354
P4,60,50-110,1,-1.56548789706215,-0.681027552907741
P4,60,30-100,1,-1.12711178337656,-0.484957510540959
P5,15,40-100,0,-0.738219975939113,-0.0101415120049645
P5,15,50-110,0,-0.945100771869693,-0.0932974455961429
P5,15,30-100,0,-0.647766054354308,-0.00256550352434723
P5,10,40-100,0,-0.707878044350251,0.00967856091900407
P5,10,50-110,0,-0.834908275069715,-0.0439797098772319
P5,10,30-100,0,-0.575539915125045,0.00814422028206473
P5,20,40-100,0,-0.766346110266644,-0.0191224100370785
P5,20,50-110,0,-0.961921982259974,-0.0967652624109865
P5,20,30-100,0,-0.643777669989679,-0.0117155177922821
P5,60,40-100,1,-0.953887555560485,-0.175687021243952
P5,60,50-110,1,-1.08432334182968,-0.229513537029469
P5,60,30-100,1,-0.799080646215775,-0.17135340074822
P6,15,40-100,0,0.31069733705452,0.776254587124982
P6,15,50-110,0,0.136707709988128,0.763024922947628
P6,15,30-100,0,0.39284888101612,0.721345798018152
P6,10,40-100,0,0.326939377649009,0.879776143685572
P6,10,50-110,0,0.173544312858382,0.842327409499825
P6,10,30-100,0,0.414679477213552,0.836398246708993
P6,20,40-100,0,0.280487122200719,0.777955010736322
P6,20,50-110,0,0.139183709688668,0.74653039017336
P6,20,30-100,0,0.362899720846161,0.678149060700968
P6,60,40-100,1,0.0995526065769424,0.499622541295458
P6,60,50-110,1,0.00149398379753515,0.53233013274672
P6,60,30-100,1,0.234408111522499,0.444685391554941
P8,15,40-100,0,-0.0579001085612647,0.500185177307832
P8,15,50-110,0,-0.266021716451559,0.447461783979526
P8,15,30-100,0,0.0530512855889608,0.465222281098434
P8,10,40-100,0,0.00425151718724034,0.548429259777648
P8,10,50-110,0,-0.196862333797857,0.513288194013189
P8,10,30-100,0,0.100537801399351,0.497719952009379
P8,20,40-100,0,-0.0819783091124917,0.460098251449798
P8,20,50-110,0,-0.292227783385059,0.411432387231733
P8,20,30-100,0,0.032107986454827,0.419874946331415
P8,60,40-100,1,-0.236948022863886,0.27397564179016
P8,60,50-110,1,-0.396760413100323,0.240008886488242
P8,60,30-100,1,-0.0932313583594704,0.214568654264403
P9,15,40-100,0,0.606695074339333,1.02806969973732
P9,15,50-110,0,0.530845831888,1.08719485145979
P9,15,30-100,0,0.648385000916407,0.948257413881649
P9,10,40-100,0,0.627225990522476,1.07453772989824
P9,10,50-110,0,0.532256359086717,1.07159576574904
P9,10,30-100,0,0.670240777836243,0.985936669013139
P9,20,40-100,0,0.589942241097198,1.02353694857331
P9,20,50-110,0,0.530559773514838,1.05929470753504
P9,20,30-100,0,0.651763968343854,0.93890739685538
P9,60,40-100,1,0.465260182220457,0.75038704788153
P9,60,50-110,1,0.408322779906594,0.835197570967436
P9,60,30-100,1,0.503043444170708,0.65562675205641
R1,15,40-100,0,-0.650520662751524,-0.0804023584411781
R1,15,50-110,0,-0.886211697802622,-0.172080825487742
R1,15,30-100,0,-0.516797269532521,-0.147098928336513
R1,10,40-100,0,-0.622135724186249,-0.0827029713106079
R1,10,50-110,0,-0.847011614765695,-0.169011572614217
R1,10,30-100,0,-0.511173550715184,-0.135895764514083
R1,20,40-100,0,-0.678241979582531,-0.0850211434755639
R1,20,50-110,0,-0.879327966514209,-0.1427653944118
R1,20,30-100,0,-0.537529760344802,-0.133867559231425
R1,60,40-100,1,-0.814028164193557,-0.24148656891343
R1,60,50-110,1,-1.0266556284983,-0.324240549279602
R1,60,30-100,1,-0.659908101312499,-0.265530548784063
R2,15,40-100,0,-0.719164120910369,-0.0407105099375968
R2,15,50-110,0,-0.810071856998771,-0.0486848346216543
R2,15,30-100,0,-0.635948165619239,-0.0618994883840961
R2,10,40-100,0,-0.704016697998302,-0.0976934811577992
R2,10,50-110,0,-0.770517447336164,-0.0712877845191429
R2,10,30-100,0,-0.600660079218531,-0.0626738267483445
R2,20,40-100,0,-0.716471687507683,-0.0597087116145571
R2,20,50-110,0,-0.84211277316402,-0.0541269882683533
R2,20,30-100,0,-0.638190082108527,-0.0735998247366155
R2,60,40-100,1,-0.882981728210653,-0.1483147672453
R2,60,50-110,1,-0.990810054319072,-0.184092363851601
R2,60,30-100,1,-0.746169115546132,-0.176245144782661
R3,15,40-100,0,-0.228955172685044,0.235874713338154
R3,15,50-110,0,-0.372537434282631,0.166683744990276
R3,15,30-100,0,-0.0450465234610496,0.175095438285731
R3,10,40-100,0,-0.209992051860505,0.239501942396148
R3,10,50-110,0,-0.353129434665819,0.196620161844043
R3,10,30-100,0,-0.0877634880696467,0.217594588015073
R3,20,40-100,0,-0.210153280177617,0.260491957862376
R3,20,50-110,0,-0.348636629912168,0.187183137648781
R3,20,30-100,0,-0.057295584767247,0.173767431933128
R3,60,40-100,1,-0.343157340593996,0.0527457089488771
R3,60,50-110,1,-0.46765010160973,0.00356538861290447
R3,60,30-100,1,-0.22349824104541,-0.0126074696958729
R5,15,40-100,0,0.821876969681529,0.680803183598419
R5,15,50-110,0,0.791107888139423,0.698755093095579
R5,15,30-100,0,0.814516320334816,0.631949295456499
R5,10,40-100,0,0.839440840273925,0.669719248463031
R5,10,50-110,0,0.790833577403661,0.68821579926164
R5,10,30-100,0,0.84982114358903,0.630113953887898
R5,20,40-100,0,0.870142462597555,0.683210810530125
R5,20,50-110,0,0.838026804125958,0.709575496985624
R5,20,30-100,0,0.859625559495734,0.621654618698169
R5,60,40-100,1,0.644753031943709,0.484640224128163
R5,60,50-110,1,0.695645696311208,0.496068743821164
R5,60,30-100,1,0.625977898054842,0.392463765079907
R6,15,40-100,0,0.259851018946152,0.403390019586736
R6,15,50-110,0,0.138959583531321,0.363497157597391
R6,15,30-100,0,0.352682731145882,0.350745561817181
R6,10,40-100,0,0.231581318439638,0.426166843296456
R6,10,50-110,0,0.125108343785506,0.401704992627715
R6,10,30-100,0,0.341895962064487,0.390799006739824
R6,20,40-100,0,0.279962715739405,0.417332573601338
R6,20,50-110,0,0.153093252053777,0.373633167443509
R6,20,30-100,0,0.31836958052386,0.379150418649584
R6,60,40-100,1,0.128111782160578,0.248263700122769
R6,60,50-110,1,0.0985608168344995,0.252550217522645
R6,60,30-100,1,0.203119907479517,0.237421807200367
T1,15,40-100,0,-0.891457332568736,-0.3384927394451
T1,15,50-110,0,-1.03747409640522,-0.37267589174259
T1,15,30-100,0,-0.801349693607346,-0.352845054708156
T1,10,40-100,0,-0.897894259932558,-0.29503209085881
T1,10,50-110,0,-1.03170786192845,-0.315564195308113
T1,10,30-100,0,-0.813493635632237,-0.2888127387993
T1,20,40-100,0,-0.917674619327393,-0.351038469084677
T1,20,50-110,0,-1.04172707304248,-0.395367846403217
T1,20,30-100,0,-0.830501618959389,-0.347085157031548
T1,60,40-100,1,-0.994469115973891,-0.393159669239977
T1,60,50-110,1,-1.10862123140185,-0.410900763974761
T1,60,30-100,1,-0.918185022412121,-0.440580270569507
VSD,15,40-100,0,-0.132637765377695,0.536630444175141
VSD,15,50-110,0,-0.14519154851071,0.572094623620985
VSD,15,30-100,0,-0.0899938489766861,0.479805205143093
VSD,10,40-100,0,-0.117876602754273,0.544126740039337
VSD,10,50-110,0,-0.123527073967594,0.569595642475909
VSD,10,30-100,0,-0.0786264311627632,0.510536462713478
VSD,20,40-100,0,-0.166173182921219,0.507686183931114
VSD,20,50-110,0,-0.164789822964773,0.506841585339479
VSD,20,30-100,0,-0.123136197173714,0.460375982110623
VSD,60,40-100,1,-0.272753378993378,0.313339980939776
VSD,60,50-110,1,-0.255262491693709,0.357655500111073
VSD,60,30-100,1,-0.256665029870025,0.29269272575428
VSO,15,40-100,0,0.315756706889528,0.793934087478134
VSO,15,50-110,0,0.140093653778341,0.775354501667693
VSO,15,30-100,0,0.404004938449085,0.738033026848493
VSO,10,40-100,0,0.350433745641032,0.836044729346055
VSO,10,50-110,0,0.173367898485321,0.834511990890307
VSO,10,30-100,0,0.449288102970624,0.791754161683998
VSO,20,40-100,0,0.294396783556595,0.793406903809981
VSO,20,50-110,0,0.156741027688584,0.753555179284618
VSO,20,30-100,0,0.395720678568132,0.725336196090868
VSO,60,40-100,1,0.119662115490927,0.505755796419519
VSO,60,50-110,1,-0.0253192485365962,0.55514163020353
VSO,60,30-100,1,0.241991791594931,0.438369130891639
X_exp_0.09_15_11,15,40-100,0,-0.070700487694578,0.60860950134648
X_exp_0.09_15_11,15,50-110,0,-0.217246047527336,0.559612901503716
X_exp_0.09_15_11,15,30-100,0,0.0709729771310906,0.56714788485376
X_exp_0.09_15_11,10,40-100,0,-0.0436034231541354,0.639495034682799
X_exp_0.09_15_11,10,50-110,0,-0.177635197724658,0.599162359927618
X_exp_0.09_15_11,10,30-100,0,0.0920639739449785,0.611656198732686
X_exp_0.09_15_11,20,40-100,0,-0.0839372741900995,0.545848148233774
X_exp_0.09_15_11,20,50-110,0,-0.222141106574929,0.538408536733304
X_exp_0.09_15_11,20,30-100,0,0.0528776615688858,0.522634439924259
X_exp_0.09_15_11,60,40-100,1,-0.245413176835993,0.346622149181665
X_exp_0.09_15_11,60,50-110,1,-0.345747672356354,0.377185812835176
X_exp_0.09_15_11,60,30-100,1,-0.124981121709853,0.318291247798529
X_exp_0.09_15_33,15,40-100,0,-0.00101038128930658,0.400804396805553
X_exp_0.09_15_33,15,50-110,0,-0.141928545381666,0.349334383185854
X_exp_0.09_15_33,15,30-100,0,0.118253278036135,0.338403136586045
X_exp_0.09_15_33,10,40-100,0,0.0254543987658547,0.442285339549376
X_exp_0.09_15_33,10,50-110,0,-0.145158804189255,0.399273222143237
X_exp_0.09_15_33,10,30-100,0,0.135804769151386,0.401112636462331
X_exp_0.09_15_33,20,40-100,0,-0.0081878154152525,0.362487676950282
X_exp_0.09_15_33,20,50-110,0,-0.160553265818713,0.326143742142326
X_exp_0.09_15_33,20,30-100,0,0.106818211025142,0.320061902258328
X_exp_0.09_15_33,60,40-100,1,-0.213928952881771,0.143528192932264
X_exp_0.09_15_33,60,50-110,1,-0.307198996385637,0.158159314516296
X_exp_0.09_15_33,60,30-100,1,-0.14257760297902,0.126675655638962
X_exp_0.09_50_11,15,40-100,0,-0.155346558343794,0.386011518988863
X_exp_0.09_50_11,15,50-110,0,-0.325797544434658,0.349281328074189
X_exp_0.09_50_11,15,30-100,0,-0.027764049340758,0.349438216202949
X_exp_0.09_50_11,10,40-100,0,-0.0985788382338422,0.448238187222224
X_exp_0.09_50_11,10,50-110,0,-0.293798158562465,0.394844532272737
X_exp_0.09_50_11,10,30-100,0,-0.00519027127785843,0.407668878164521
X_exp_0.09_50_11,20,40-100,0,-0.16225553322303,0.393629922751222
X_exp_0.09_50_11,20,50-110,0,-0.350270812169986,0.348076652884393
X_exp_0.09_50_11,20,30-100,0,-0.0232023059326566,0.372686978973567
X_exp_0.09_50_11,60,40-100,1,-0.260449411663366,0.233978000741176
X_exp_0.09_50_11,60,50-110,1,-0.404897136110686,0.189501192261424
X_exp_0.09_50_11,60,30-100,1,-0.138989179961571,0.171684351949307
X_exp_0.09_50_33,15,40-100,0,-0.247361501715706,-0.0614321053845268
X_exp_0.09_50_33,15,50-110,0,-0.36393122622391,-0.145075322391866
X_exp_0.09_50_33,15,30-100,0,-0.0812795063060046,-0.0579337886116052
X_exp_0.09_50_33,10,40-100,0,-0.264757873619996,-0.0691254962368998
X_exp_0.09_50_33,10,50-110,0,-0.393617174994451,-0.135689736738797
X_exp_0.09_50_33,10,30-100,0,-0.114704759717589,-0.0534979306786465
X_exp_0.09_50_33,20,40-100,0,-0.230162432778697,-0.0436645537606506
X_exp_0.09_50_33,20,50-110,0,-0.361407771040882,-0.0915727318050845
X_exp_0.09_50_33,20,30-100,0,-0.0921444432555419,-0.0690490049147837
X_exp_0.09_50_33,60,40-100,1,-0.326944766480262,-0.155753929966409
X_exp_0.09_50_33,60,50-110,1,-0.423676195745899,-0.251815824022606
X_exp_0.09_50_33,60,30-100,1,-0.219758418733655,-0.185223926227846
X_exp_0.13_50_33,15,40-100,0,0.447125314580125,0.179937651085321
X_exp_0.13_50_33,15,50-110,0,0.46749196856236,0.148553429543397
X_exp_0.13_50_33,15,30-100,0,0.461994280113565,0.211032033686665
X_exp_0.13_50_33,10,40-100,0,0.39906562140579,0.174946248039509
X_exp_0.13_50_33,10,50-110,0,0.391475577788512,0.158034459226922
X_exp_0.13_50_33,10,30-100,0,0.439753603964088,0.209419648737226
X_exp_0.13_50_33,20,40-100,0,0.441798742293201,0.19012834767132
X_exp_0.13_50_33,20,50-110,0,0.415854023724707,0.130685372238537
X_exp_0.13_50_33,20,30-100,0,0.4566173847105,0.212318252424593
X_exp_0.13_50_33,60,40-100,1,0.324991875904085,0.0585098591884899
X_exp_0.13_50_33,60,50-110,1,0.313640140834168,0.00107779943747695
X_exp_0.13_50_33,60,30-100,1,0.349058412255078,0.0676982466484054
X_exp_0.18_15_11,15,40-100,0,0.695587079054017,1.25623008830561
X_exp_0.18_15_11,15,50-110,0,0.610634770794259,1.28870664179474
X_exp_0.18_15_11,15,30-100,0,0.70513566473843,1.17554738187295
X_exp_0.18_15_11,10,40-100,0,0.680706510470724,1.24893154178945
X_exp_0.18_15_11,10,50-110,0,0.612138866937327,1.30046463742846
X_exp_0.18_15_11,10,30-100,0,0.704216234199486,1.19386892120881
X_exp_0.18_15_11,20,40-100,0,0.670160724009181,1.2359204083077
X_exp_0.18_15_11,20,50-110,0,0.593313675980627,1.26235479757444
X_exp_0.18_15_11,20,30-100,0,0.690030804738146,1.13305044551563
X_exp_0.18_15_11,60,40-100,1,0.531039718597164,0.977639396786093
X_exp_0.18_15_11,60,50-110,1,0.491362828874782,1.07544648885026
X_exp_0.18_15_11,60,30-100,1,0.541415463316854,0.879083778412794
X_exp_0.18_15_33,15,40-100,0,0.841696051986339,0.858173929733635
X_exp_0.18_15_33,15,50-110,0,0.838078332486804,0.890726095249101
X_exp_0.18_15_33,15,30-100,0,0.880133288531993,0.83946585085956
X_exp_0.18_15_33,10,40-100,0,0.826793397122746,0.890003621580266
X_exp_0.18_15_33,10,50-110,0,0.788868577133228,0.924366239946693
X_exp_0.18_15_33,10,30-100,0,0.843831188537305,0.862064014143336
X_exp_0.18_15_33,20,40-100,0,0.859791268513188,0.857391017591781
X_exp_0.18_15_33,20,50-110,0,0.818957812668538,0.910032987931173
X_exp_0.18_15_33,20,30-100,0,0.872110060236767,0.805250245567083
X_exp_0.18_15_33,60,40-100,1,0.647051379232564,0.669454398550301
X_exp_0.18_15_33,60,50-110,1,0.656672149656367,0.656990980160733
X_exp_0.18_15_33,60,30-100,1,0.637815450437011,0.591661582775267
X_exp_0.18_50_11,15,40-100,0,0.807864305470576,1.24488603241676
X_exp_0.18_50_11,15,50-110,0,0.785360970976695,1.27062580046233
X_exp_0.18_50_11,15,30-100,0,0.806092858828694,1.13596369277485
X_exp_0.18_50_11,10,40-100,0,0.841721422061604,1.27921965180133
X_exp_0.18_50_11,10,50-110,0,0.827579728400812,1.2923837444688
X_exp_0.18_50_11,10,30-100,0,0.812121585721953,1.14266605946349
X_exp_0.18_50_11,20,40-100,0,0.786519814728911,1.20484843081945
X_exp_0.18_50_11,20,50-110,0,0.776353844801615,1.24517782909262
X_exp_0.18_50_11,20,30-100,0,0.790664417483159,1.09047740825235
X_exp_0.18_50_11,60,40-100,1,0.683853401354722,0.831977793927737
X_exp_0.18_50_11,60,50-110,1,0.694299768671561,0.921274590819286
X_exp_0.18_50_11,60,30-100,1,0.671032871971907,0.745575481101063
X_exp_0.18_50_33,15,40-100,0,1.16158264808133,0.567320277578835
X_exp_0.18_50_33,15,50-110,0,1.17593198084849,0.532510414246278
X_exp_0.18_50_33,15,30-100,0,1.13728848389643,0.567864017954994
X_exp_0.18_50_33,10,40-100,0,1.1166813872602,0.577371304077476
X_exp_0.18_50_33,10,50-110,0,1.16505783055695,0.547012516711897
X_exp_0.18_50_33,10,30-100,0,1.08447104064791,0.591239184633017
X_exp_0.18_50_33,20,40-100,0,1.1911471161405,0.596881044863458
X_exp_0.18_50_33,20,50-110,0,1.19844013630774,0.553378980766712
X_exp_0.18_50_33,20,30-100,0,1.16592684422174,0.587743688297042
X_exp_0.18_50_33,60,40-100,1,0.941896140837128,0.378280274672986
X_exp_0.18_50_33,60,50-110,1,0.996160845417595,0.38630140145286
X_exp_0.18_50_33,60,30-100,1,0.913277949620595,0.41206860228723
X_gau_0.09_15_11,15,40-100,0,0.136482539175172,0.7903870006165
X_gau_0.09_15_11,15,50-110,0,-0.00707013267102272,0.772240926956187
X_gau_0.09_15_11,15,30-100,0,0.253376849454236,0.744074745649632
X_gau_0.09_15_11,10,40-100,0,0.18410660360429,0.796002552967408
X_gau_0.09_15_11,10,50-110,0,0.0574104383324469,0.785309698513702
X_gau_0.09_15_11,10,30-100,0,0.31078485131709,0.779746773730307
X_gau_0.09_15_11,20,40-100,0,0.101315094724527,0.762253725555979
X_gau_0.09_15_11,20,50-110,0,-0.011150133255296,0.736966471745175
X_gau_0.09_15_11,20,30-100,0,0.199725052422565,0.714375132142818
X_gau_0.09_15_11,60,40-100,1,-0.133348565881524,0.527791376951702
X_gau_0.09_15_11,60,50-110,1,-0.220301311446836,0.531065348015949
X_gau_0.09_15_11,60,30-100,1,-0.0165278051923571,0.453402965951458
X_gau_0.09_15_33,15,40-100,0,0.227040624334706,0.615491960312035
X_gau_0.09_15_33,15,50-110,0,0.0744267294444709,0.64868438531882
X_gau_0.09_15_33,15,30-100,0,0.291327383330606,0.552321598884475
X_gau_0.09_15_33,10,40-100,0,0.265432590855334,0.676227855847041
X_gau_0.09_15_33,10,50-110,0,0.0892435029583493,0.675208985393733
X_gau_0.09_15_33,10,30-100,0,0.32997132282807,0.617487352162078
X_gau_0.09_15_33,20,40-100,0,0.182573390650356,0.594643664395378
X_gau_0.09_15_33,20,50-110,0,0.0454850458239409,0.599652041449096
X_gau_0.09_15_33,20,30-100,0,0.245400121432193,0.514689457504125
X_gau_0.09_15_33,60,40-100,1,-0.0676221857913621,0.341986866202911
X_gau_0.09_15_33,60,50-110,1,-0.155898101000082,0.359819317768805
X_gau_0.09_15_33,60,30-100,1,-0.0191668156268306,0.299000578084043
X_gau_0.09_50_11,15,40-100,0,-0.447342862722054,-0.349144053622426
X_gau_0.09_50_11,15,50-110,0,-0.68352245161491,-0.57701004678802
X_gau_0.09_50_11,15,30-100,0,-0.305537062243152,-0.21554500030209
X_gau_0.09_50_11,10,40-100,0,-0.397437118986386,-0.357176249544695
X_gau_0.09_50_11,10,50-110,0,-0.663029678671727,-0.577783528084941
X_gau_0.09_50_11,10,30-100,0,-0.309312830255758,-0.210462594026822
X_gau_0.09_50_11,20,40-100,0,-0.446647422876517,-0.365981410233051
X_gau_0.09_50_11,20,50-110,0,-0.692848566395438,-0.594910304996624
X_gau_0.09_50_11,20,30-100,0,-0.317650803924686,-0.224375454835328
X_gau_0.09_50_11,60,40-100,1,-0.566538687595286,-0.434554247007463
X_gau_0.09_50_11,60,50-110,1,-0.784899271546748,-0.662169706859935
X_gau_0.09_50_11,60,30-100,1,-0.399339933437154,-0.31609292441707
X_gau_0.09_50_33,15,40-100,0,-0.501484367798269,-0.803187155338988
X_gau_0.09_50_33,15,50-110,0,-0.635564621959501,-1.07912881551421
X_gau_0.09_50_33,15,30-100,0,-0.379609687636935,-0.6921351599792
X_gau_0.09_50_33,10,40-100,0,-0.500589435745229,-0.790614841582719
X_gau_0.09_50_33,10,50-110,0,-0.629630389864945,-1.05748598293762
X_gau_0.09_50_33,10,30-100,0,-0.387382653947744,-0.691319912317532
X_gau_0.09_50_33,20,40-100,0,-0.519304090370299,-0.785632789474392
X_gau_0.09_50_33,20,50-110,0,-0.621749546266159,-1.08115016172435
X_gau_0.09_50_33,20,30-100,0,-0.391342210610434,-0.702972370038337
X_gau_0.09_50_33,60,40-100,1,-0.524427388192192,-0.806206488005744
X_gau_0.09_50_33,60,50-110,1,-0.651327652437556,-1.11242323850198
X_gau_0.09_50_33,60,30-100,1,-0.452163660231029,-0.738582790339074
X_gau_0.13_15_33,15,40-100,0,0.558961160861024,0.886675795485547
X_gau_0.13_15_33,15,50-110,0,0.498544540027035,0.905765858525321
X_gau_0.13_15_33,15,30-100,0,0.589832851598599,0.810766752974924
X_gau_0.13_15_33,10,40-100,0,0.58187951821351,0.923002760851558
X_gau_0.13_15_33,10,50-110,0,0.53578630594452,0.94213250600495
X_gau_0.13_15_33,10,30-100,0,0.604460394058408,0.867834560879359
X_gau_0.13_15_33,20,40-100,0,0.541119717407354,0.880536675228081
X_gau_0.13_15_33,20,50-110,0,0.486355680840884,0.891517253011353
X_gau_0.13_15_33,20,30-100,0,0.575806075554473,0.809227500505521
X_gau_0.13_15_33,60,40-100,1,0.301227471972827,0.64458029061637
X_gau_0.13_15_33,60,50-110,1,0.261497567280655,0.667824047661763
X_gau_0.13_15_33,60,30-100,1,0.302875319103118,0.57569999288913
X_gau_0.18_15_11,15,40-100,0,0.721629571110177,1.37222416083588
X_gau_0.18_15_11,15,50-110,0,0.653789485661048,1.40489224243447
X_gau_0.18_15_11,15,30-100,0,0.785279236411897,1.28346339638746
X_gau_0.18_15_11,10,40-100,0,0.738754013067077,1.35894123850492
X_gau_0.18_15_11,10,50-110,0,0.679011406667606,1.41858026433363
X_gau_0.18_15_11,10,30-100,0,0.803700054731954,1.27391260184806
X_gau_0.18_15_11,20,40-100,0,0.710808552604815,1.38400952377661
X_gau_0.18_15_11,20,50-110,0,0.654422824826466,1.40830554143681
X_gau_0.18_15_11,20,30-100,0,0.749553826237458,1.23932642717514
X_gau_0.18_15_11,60,40-100,1,0.564915068838232,1.09092710901872
X_gau_0.18_15_11,60,50-110,1,0.545327880891708,1.20506024733438
X_gau_0.18_15_11,60,30-100,1,0.59531997529629,0.951626879958752
X_gau_0.18_15_33,15,40-100,0,0.909463811984952,1.18602171854752
X_gau_0.18_15_33,15,50-110,0,0.875245503822302,1.19727339598405
X_gau_0.18_15_33,15,30-100,0,0.8886073904431,1.07733548855562
X_gau_0.18_15_33,10,40-100,0,0.886106556050836,1.19466137529091
X_gau_0.18_15_33,10,50-110,0,0.849601943729329,1.20944608333719
X_gau_0.18_15_33,10,30-100,0,0.883407858199228,1.10262606407381
X_gau_0.18_15_33,20,40-100,0,0.886076333911109,1.18901900558588
X_gau_0.18_15_33,20,50-110,0,0.880519950543778,1.22142031551946
X_gau_0.18_15_33,20,30-100,0,0.860452476138518,1.08960079470284
X_gau_0.18_15_33,60,40-100,1,0.703484168210604,0.946871975263858
X_gau_0.18_15_33,60,50-110,1,0.74245904994409,0.969674079658965
X_gau_0.18_15_33,60,30-100,1,0.685562767253847,0.829526961483057
X_gau_0.18_50_11,15,40-100,0,0.848312899418389,1.48201785374702
X_gau_0.18_50_11,15,50-110,0,0.810289269798795,1.51282312870954
X_gau_0.18_50_11,15,30-100,0,0.867820397996409,1.37907942967725
X_gau_0.18_50_11,10,40-100,0,0.816348931461921,1.52252041435902
X_gau_0.18_50_11,10,50-110,0,0.796874226598104,1.54171996189511
X_gau_0.18_50_11,10,30-100,0,0.859764722325678,1.3739668941051
X_gau_0.18_50_11,20,40-100,0,0.85293270615416,1.47896523495364
X_gau_0.18_50_11,20,50-110,0,0.817354080918974,1.49020899101323
X_gau_0.18_50_11,20,30-100,0,0.860530941435894,1.31686154885522
X_gau_0.18_50_11,60,40-100,1,0.774739014716906,1.06956366499131
X_gau_0.18_50_11,60,50-110,1,0.788919224165581,1.11764403363892
X_gau_0.18_50_11,60,30-100,1,0.751065237166183,0.934532086042509
X_gau_0.18_50_33,15,40-100,0,1.05268358119219,-0.0848589968891071
X_gau_0.18_50_33,15,50-110,0,1.11142537183451,-0.182910102149775
X_gau_0.18_50_33,15,30-100,0,1.04086577900827,-0.000195384920420163
X_gau_0.18_50_33,10,40-100,0,0.985638245899699,-0.0840087957821711
X_gau_0.18_50_33,10,50-110,0,1.07764306131125,-0.182626725434644
X_gau_0.18_50_33,10,30-100,0,0.982043240422881,0.0350332172951735
X_gau_0.18_50_33,20,40-100,0,1.06650933651234,-0.113618527719843
X_gau_0.18_50_33,20,50-110,0,1.13717206931083,-0.188730650973411
X_gau_0.18_50_33,20,30-100,0,1.04130231543885,-0.050092680065234
X_gau_0.18_50_33,60,40-100,1,1.00942456032784,-0.245878029971711
X_gau_0.18_50_33,60,50-110,1,1.08215711241677,-0.292995410665339
X_gau_0.18_50_33,60,30-100,1,0.944886622723249,-0.180803393305042
X_pink_0.09_1.8_33,15,40-100,0,-0.18628693924003,0.0608302560799634
X_pink_0.09_1.8_33,15,50-110,0,-0.34612451545684,-0.016057878232628
X_pink_0.09_1.8_33,15,30-100,0,-0.0301035951591582,0.0155391935203004
X_pink_0.09_1.8_33,10,40-100,0,-0.197512015386656,0.0706498740074032
X_pink_0.09_1.8_33,10,50-110,0,-0.364252354065428,0.0160839680110007
X_pink_0.09_1.8_33,10,30-100,0,-0.0585816681424317,0.0629563186116626
X_pink_0.09_1.8_33,20,40-100,0,-0.177131442869291,0.034066760904902
X_pink_0.09_1.8_33,20,50-110,0,-0.346963244092748,-0.0154108542269194
X_pink_0.09_1.8_33,20,30-100,0,-0.0313438175590868,0.0183364359322163
X_pink_0.09_1.8_33,60,40-100,1,-0.23735319598029,-0.0899400497772597
X_pink_0.09_1.8_33,60,50-110,1,-0.350921410937411,-0.174833486377851
X_pink_0.09_1.8_33,60,30-100,1,-0.15268560005355,-0.073105836289323
X_pink_0.13_1.8_11,15,40-100,0,0.338431990756861,0.763132984131425
X_pink_0.13_1.8_11,15,50-110,0,0.252164464191912,0.768131551824521
X_pink_0.13_1.8_11,15,30-100,0,0.462403623743813,0.726972269735857
X_pink_0.13_1.8_11,10,40-100,0,0.413346858554549,0.76934038407193
X_pink_0.13_1.8_11,10,50-110,0,0.27391798669408,0.757934640898413
X_pink_0.13_1.8_11,10,30-100,0,0.522552300732182,0.756157719585677
X_pink_0.13_1.8_11,20,40-100,0,0.290676377475313,0.739868933011856
X_pink_0.13_1.8_11,20,50-110,0,0.212796048260268,0.743331581925525
X_pink_0.13_1.8_11,20,30-100,0,0.416534596946655,0.725484629208419
X_pink_0.13_1.8_11,60,40-100,1,0.232694669343993,0.477242858843893
X_pink_0.13_1.8_11,60,50-110,1,0.12539870785167,0.510165652402593
X_pink_0.13_1.8_11,60,30-100,1,0.275109908025351,0.411522754028033
X_pink_0.13_1.8_33,15,40-100,0,0.428382344731549,0.290123731610613
X_pink_0.13_1.8_33,15,50-110,0,0.380965211557438,0.26563129524244
X_pink_0.13_1.8_33,15,30-100,0,0.481955576293687,0.276513929841355
X_pink_0.13_1.8_33,10,40-100,0,0.407043123035569,0.30028994798322
X_pink_0.13_1.8_33,10,50-110,0,0.324461364346894,0.262685496871516
X_pink_0.13_1.8_33,10,30-100,0,0.442962586178032,0.290503079718161
X_pink_0.13_1.8_33,20,40-100,0,0.435143559754757,0.288245115417259
X_pink_0.13_1.8_33,20,50-110,0,0.384412384763551,0.258459253216439
X_pink_0.13_1.8_33,20,30-100,0,0.496385138888582,0.273214822866288
X_pink_0.13_1.8_33,60,40-100,1,0.337004420130747,0.166318254117633
X_pink_0.13_1.8_33,60,50-110,1,0.299272729112165,0.0873946384231396
X_pink_0.13_1.8_33,60,30-100,1,0.352720382012768,0.136610956423014
X_pink_0.18_1.8_33,15,40-100,0,1.04260912213567,0.636715779039233
X_pink_0.18_1.8_33,15,50-110,0,1.05832161735641,0.617008386301225
X_pink_0.18_1.8_33,15,30-100,0,1.04400001576418,0.609080486229709
X_pink_0.18_1.8_33,10,40-100,0,1.0390986108097,0.608494064905102
X_pink_0.18_1.8_33,10,50-110,0,1.01901937046929,0.587512559495802
X_pink_0.18_1.8_33,10,30-100,0,1.00932635229969,0.616514592323797
X_pink_0.18_1.8_33,20,40-100,0,1.0868037831092,0.633857052443574
X_pink_0.18_1.8_33,20,50-110,0,1.07437816515358,0.608969960704894
X_pink_0.18_1.8_33,20,30-100,0,1.08362702333154,0.601797334801501
X_pink_0.18_1.8_33,60,40-100,1,0.919260608527763,0.43974215023914
X_pink_0.18_1.8_33,60,50-110,1,0.98726431499841,0.485147199917703
X_pink_0.18_1.8_33,60,30-100,1,0.921589666899452,0.4401831192011
