case,measure,band,median_C5,median_case,median_diff,robust_std_diff,n
C25,log10 coda/S (S+40-100 ms),20-40 Hz,-1.40251761481857,-1.22884842570076,0.156123141473469,0.126675973090349,358
C25,log10 coda/S (S+40-100 ms),40-80 Hz,-1.40898572817515,-1.42384168206166,0.0069511422585796,0.108594034554432,358
C25,coda level (log10),20-40 Hz,-0.70383085395511,-0.67029712511382,0.0361339989037642,0.0438737110070769,358
C25,coda level (log10),40-80 Hz,-0.944888721148026,-0.952747539629597,0.00196884701937977,0.0759898491155513,358
C25,log10 Qc^-1,20-40 Hz,-0.699010740331107,-0.748607941959518,0.057146397918301,0.144369418085621,358
C25,log10 Qc^-1,40-80 Hz,-1.01622826802068,-0.990949131627716,0.0262513041128672,0.0716271218885276,358
C25,S width (ms),20-40 Hz,16.4521091484995,16.4751489042732,0.0221512919348044,0.046698014687275,358
C25,S width (ms),40-80 Hz,14.5313031805284,14.6020205632947,-0.00437609914352421,0.227769919716894,358
C25,decay rate (1/s),20-40 Hz,49.0079111024409,45.4452495129836,-3.08240467391198,4.9204923101546,358
C25,decay rate (1/s),40-80 Hz,48.4481337296983,50.7791096350007,2.14122264218782,5.4836963025667,358
CBIG,log10 coda/S (S+40-100 ms),20-40 Hz,-1.40251761481857,-1.26717622042189,0.0897775279894864,0.27930784661327,358
CBIG,log10 coda/S (S+40-100 ms),40-80 Hz,-1.40898572817515,-0.981949126140846,0.403483585285642,0.240211871560562,358
CBIG,coda level (log10),20-40 Hz,-0.70383085395511,-0.687426293843361,0.0109273977875388,0.0967099556355885,358
CBIG,coda level (log10),40-80 Hz,-0.944888721148026,-0.72608478964215,0.186968461564028,0.174607046736963,358
CBIG,log10 Qc^-1,20-40 Hz,-0.699010740331107,-0.982873599502368,-0.26159397284897,0.238848586050936,358
CBIG,log10 Qc^-1,40-80 Hz,-1.01622826802068,-1.68412459370574,-0.669167643980853,0.521986493412493,358
CBIG,S width (ms),20-40 Hz,16.4521091484995,16.422744444041,-0.0226245698516987,0.0651471978264454,358
CBIG,S width (ms),40-80 Hz,14.5313031805284,14.581598932666,0.0231834614676378,0.19416002079027,358
CBIG,decay rate (1/s),20-40 Hz,49.0079111024409,32.4344059689902,-14.9577535357943,11.4861203139004,358
CBIG,decay rate (1/s),40-80 Hz,48.4481337296983,20.6468381666771,-26.3291868205802,13.2292445197411,358
CSP,log10 coda/S (S+40-100 ms),20-40 Hz,-1.40251761481857,-1.50426817453369,-0.130937642394651,0.209686868803437,358
CSP,log10 coda/S (S+40-100 ms),40-80 Hz,-1.40898572817515,-1.26689142341543,0.125348947077454,0.134923740664742,358
CSP,coda level (log10),20-40 Hz,-0.70383085395511,-0.740026287564385,-0.0354003784926212,0.0610995789103299,358
CSP,coda level (log10),40-80 Hz,-0.944888721148026,-0.903792645380153,0.0523827945676691,0.081612897032469,358
CSP,log10 Qc^-1,20-40 Hz,-0.699010740331107,-0.726994693914474,0.0758857247823675,0.157652226721325,358
CSP,log10 Qc^-1,40-80 Hz,-1.01622826802068,-1.12142271415167,-0.0953422431437558,0.0836988262150072,358
CSP,S width (ms),20-40 Hz,16.4521091484995,16.4207745374065,-0.0344339818889878,0.050395012573432,358
CSP,S width (ms),40-80 Hz,14.5313031805284,14.5725763947401,0.000850597491509397,0.125290131562342,358
CSP,decay rate (1/s),20-40 Hz,49.0079111024409,46.7551968594254,-1.3373695134852,8.19989581097906,358
CSP,decay rate (1/s),40-80 Hz,48.4481337296983,40.9549347725008,-6.33279721818795,4.94894894765356,358
