f_r_Hz,Q,A,peak_dB,log10_coda_S_A,log10_coda_S_B,deficit_A,deficit_B
40,5,3.66644988788501,0.348303533254046,-3.22595089586529,-3.19783884210887,-1.99063850113286,-1.3310055267498
40,10,1.86560811909895,0.348303533254046,-3.21321369841642,-3.18696434500285,-1.97790130368399,-1.32013102964378
40,20,0.964896278920768,0.348303533254046,-3.16981806480672,-3.14425153322884,-1.93450567007429,-1.27741821786977
40,40,0.62178078188413,0.348303533254046,-3.14858971125631,-3.1229748722536,-1.91327731652388,-1.25614155689454
50,5,4.58394867586583,0.348303533254046,-2.86277355028739,-2.84095605608333,-1.62746115555496,-0.974122740724267
50,10,2.38579969656269,0.348303533254046,-2.84843544007816,-2.82455415918665,-1.61312304534573,-0.957720843827584
50,20,1.17881919764581,0.348303533254046,-2.90976359418608,-2.8845630318758,-1.67445119945365,-1.01772971651673
50,40,0.714172075204143,0.348303533254046,-2.95671084431314,-2.93047587791193,-1.7213984495807,-1.06364256255286
60,5,5.49670248819266,0.348303533254046,-3.13465829811739,-3.10769721294265,-1.89934590338495,-1.24086389758359
60,10,2.8823424311655,0.348303533254046,-3.11366089297578,-3.09250121992216,-1.87834849824334,-1.22566790456309
60,20,1.42474622646955,0.348303533254046,-3.10376329789563,-3.07999239191267,-1.8684509031632,-1.2131590765536
60,40,0.786001975547546,0.348303533254046,-3.10635799541493,-3.07998480120804,-1.87104560068249,-1.21315148584898
70,5,6.41629955950581,0.348303533254046,-3.0805372651891,-3.04941289071812,-1.84522487045667,-1.18257957535906
70,10,3.37541443772445,0.348303533254046,-3.03930261343998,-3.01201617816914,-1.80399021870755,-1.14518286281008
70,20,1.66447242437152,0.348303533254046,-3.03908669588584,-3.01303842336401,-1.80377430115341,-1.14620510800494
70,40,0.894132046057992,0.348303533254046,-3.05529465124893,-3.02939427599398,-1.8199822565165,-1.16256096063492
80,5,7.33050220448118,0.348303533254046,-3.05924632889007,-3.03333472231455,-1.82393393415764,-1.16650140695548
80,10,3.84706421131685,0.348303533254046,-3.05903736658474,-3.03485294277626,-1.82372497185231,-1.16801962741719
80,20,1.9122363042445,0.348303533254046,-3.07172975628258,-3.04799747885554,-1.83641736155015,-1.18116416349648
80,40,0.980595399781356,0.348303533254046,-3.08312886634006,-3.05703487322801,-1.84781647160763,-1.19020155786894
